IQ,CGPA,Academic_Performance,Internship_Experience,Extra_Curricular_Score,Communication_Skills,Projects_Completed,Placement
123,6.58,5,0,7,8,2,1
111,8.76,7,0,3,1,2,1
86,8.15,7,0,8,9,4,1
121,8.07,5,1,1,3,3,1
78,9.17,7,1,10,10,2,1
112,9.01,3,1,1,9,4,1
104,8.15,7,0,9,8,4,1
115,9.56,5,0,4,6,3,1
113,9.38,3,0,2,10,3,1
104,8.91,5,0,1,9,4,1
114,8.73,2,1,7,6,2,1
112,8.1,4,0,2,8,1,1
123,9.11,8,0,2,9,0,1
99,8.5,2,0,10,10,3,1
112,6.04,5,0,3,9,3,1
101,9.44,2,0,5,9,4,1
104,9.39,10,1,3,10,4,1
78,8.41,7,0,8,10,2,1
104,9.26,10,0,10,9,5,1
98,9.57,9,0,5,9,5,1
100,8.23,8,1,2,8,2,1
136,9.09,5,0,7,8,3,1
132,9.6,5,0,9,1,3,1
101,9.07,2,0,5,10,4,1
88,9.5,6,0,10,9,3,1
119,8.28,5,0,7,5,5,1
112,6.09,10,1,4,10,5,1
128,8.52,3,1,0,9,0,1
140,9.11,2,0,4,3,5,1
116,8.5,6,1,9,10,3,1
115,9.52,2,0,1,5,5,1
114,8.97,5,1,2,9,3,1
109,9.21,7,1,8,9,5,1
134,10.0,1,1,1,5,3,1
116,9.69,9,0,10,4,2,1
100,9.04,4,0,2,10,2,1
69,9.06,3,0,6,10,3,1
112,9.47,4,0,8,3,3,1
112,9.68,3,0,6,8,0,1
113,7.75,8,0,5,10,3,1
131,9.68,9,1,2,3,2,1
84,8.66,7,0,10,9,5,1
124,8.41,3,0,9,1,5,1
100,8.46,9,0,7,9,3,1
101,9.26,1,0,3,9,5,1
131,8.23,9,0,5,5,4,1
92,9.79,1,1,9,9,4,1
113,4.85,7,0,1,10,2,1
111,7.56,10,1,5,10,2,1
119,10.13,2,0,4,9,2,1
116,8.9,3,0,3,5,3,1
100,9.2,5,0,5,8,3,1
131,7.76,5,0,8,10,2,1
109,9.7,2,0,6,10,5,1
114,9.52,5,1,3,2,5,1
91,10.26,8,0,8,8,2,1
103,8.32,2,1,9,10,2,1
89,9.52,10,0,3,10,3,1
122,10.04,4,0,0,8,2,1
132,9.97,3,0,7,9,3,1
87,9.81,3,1,7,9,3,1
128,7.79,6,0,4,8,5,1
120,7.66,2,1,3,10,5,1
107,8.36,7,1,2,8,5,1
117,6.57,2,1,3,9,2,1
130,8.81,10,0,4,8,2,1
120,5.93,6,1,5,8,5,1
124,8.46,9,1,1,3,5,1
105,10.07,2,0,2,9,2,1
111,10.03,9,1,5,8,1,1
146,9.44,8,1,9,7,4,1
122,8.02,2,1,4,2,4,1
113,7.48,2,0,0,9,2,1
128,8.59,2,0,5,9,1,1
87,8.48,5,0,4,8,2,1
100,8.97,3,0,4,8,5,1
111,5.62,3,0,5,9,3,1
85,9.37,8,0,3,8,5,1
74,9.34,5,1,6,8,4,1
83,9.46,7,0,8,8,4,1
117,7.05,5,1,6,9,2,1
118,9.14,9,0,7,2,4,1
125,10.1,9,0,6,4,4,1
103,8.79,6,1,0,8,2,1
111,8.77,10,1,5,8,2,1
107,9.21,3,0,10,10,2,1
115,8.3,10,0,8,10,0,1
105,8.39,1,0,1,9,5,1
111,9.84,7,0,4,10,3,1
120,6.19,1,1,0,9,5,1
88,8.19,2,1,5,8,2,1
122,8.7,1,0,2,10,4,1
136,8.58,3,1,9,10,1,1
120,5.33,9,0,4,9,5,1
123,7.82,9,0,9,9,4,1
112,8.25,1,1,8,9,1,1
127,9.5,6,1,3,3,4,1
95,8.53,2,0,5,9,3,1
122,9.18,10,0,7,8,4,1
118,7.0,4,1,9,9,3,1
114,7.56,2,0,5,9,3,1
81,9.28,5,1,2,9,2,1
97,8.74,2,1,2,8,5,1
115,7.49,9,1,10,9,2,1
109,8.31,8,0,10,10,5,1
125,10.12,10,0,4,9,1,1
99,9.09,3,1,0,10,2,1
74,8.3,10,0,5,8,4,1
124,8.41,9,1,3,8,2,1
115,9.71,5,0,1,8,0,1
115,5.67,4,0,1,10,2,1
126,9.97,1,0,5,3,3,1
127,8.72,10,0,3,5,2,1
114,9.07,5,0,2,3,5,1
102,9.48,1,0,1,10,4,1
105,8.48,3,0,3,10,4,1
116,6.34,10,0,7,8,2,1
115,8.46,10,0,4,10,0,1
114,6.55,5,0,8,10,3,1
86,8.01,1,1,0,10,4,1
115,8.17,8,1,3,8,2,1
104,8.69,8,0,0,8,4,1
113,9.74,9,1,9,5,2,1
115,8.27,3,0,0,10,3,1
134,9.54,8,1,0,1,4,1
121,7.16,5,1,1,9,2,1
123,9.04,4,1,8,3,2,1
93,9.85,10,0,2,8,2,1
88,8.71,6,0,4,8,2,1
114,8.23,7,1,6,3,5,1
96,9.17,2,0,8,9,2,1
107,8.36,1,1,3,8,3,1
123,9.08,6,1,5,3,5,1
97,8.67,10,1,8,10,2,1
126,9.91,8,1,4,8,5,1
137,9.78,4,1,8,10,3,1
116,8.52,10,0,2,1,4,1
112,5.35,10,0,0,10,3,1
117,7.13,3,1,5,9,5,1
119,5.22,2,1,1,9,4,1
111,9.31,8,0,1,1,5,1
117,9.44,8,0,4,4,5,1
128,9.55,4,0,6,2,5,1
91,8.55,3,0,5,8,5,1
98,9.59,10,0,3,9,5,1
121,6.75,4,0,8,8,4,1
119,10.12,1,0,7,5,2,1
121,8.35,4,1,5,3,5,1
127,9.11,9,1,3,2,4,1
106,8.2,10,0,4,10,5,1
122,7.96,9,0,1,9,5,1
113,10.19,8,1,3,4,5,1
95,8.91,3,1,6,10,3,1
120,8.99,3,1,10,10,2,1
113,9.46,7,0,7,9,5,1
113,9.87,2,0,2,8,5,1
115,6.66,4,0,9,8,5,1
131,10.19,10,1,9,9,3,1
89,9.74,9,1,1,10,3,1
126,9.32,7,0,7,8,1,1
90,8.67,1,0,8,8,4,1
91,9.19,2,0,1,9,4,1
132,4.9,8,0,6,8,5,1
123,7.28,9,0,5,8,5,1
125,9.48,10,1,4,9,3,1
93,8.7,2,1,10,9,4,1
122,8.06,4,1,8,4,2,1
117,9.84,10,0,9,2,5,1
108,9.85,4,1,3,8,5,1
117,7.1,3,1,1,8,4,1
92,10.0,10,0,2,8,5,1
107,9.68,6,1,0,9,4,1
114,8.08,8,1,3,3,3,1
122,9.52,9,1,0,5,3,1
114,9.17,8,0,8,7,4,1
84,8.88,5,0,8,9,5,1
113,10.17,9,1,9,8,5,1
115,5.37,2,0,2,8,2,1
116,8.37,6,0,0,10,5,1
117,8.5,9,0,3,10,1,1
124,8.05,6,1,0,3,2,1
104,9.07,9,1,0,8,5,1
88,9.58,8,0,5,10,4,1
104,9.81,6,0,9,10,4,1
96,9.64,2,0,8,9,3,1
114,7.46,10,0,8,10,2,1
117,8.82,1,0,0,4,5,1
123,6.13,3,0,8,9,2,1
124,10.25,5,0,9,7,4,1
114,7.72,8,0,6,9,4,1
115,8.4,8,1,8,8,1,1
136,9.51,8,0,6,10,0,1
120,5.56,9,1,9,9,5,1
113,5.79,7,1,5,10,4,1
114,5.98,7,0,5,8,3,1
99,8.91,9,0,2,8,3,1
100,8.51,3,1,3,9,3,1
89,9.88,3,0,6,10,3,1
138,9.5,8,1,3,4,4,1
124,8.75,8,1,2,6,2,1
103,9.06,6,0,1,8,2,1
118,6.13,3,0,7,9,4,1
108,8.76,5,1,3,10,5,1
118,8.73,10,1,0,2,3,1
114,9.06,5,0,8,8,2,1
80,8.75,4,0,2,10,3,1
107,8.54,10,0,9,10,3,1
104,9.19,6,0,10,8,5,1
85,8.96,10,0,4,8,4,1
118,8.89,7,0,0,10,3,1
100,9.49,2,1,4,8,3,1
117,9.88,7,0,5,4,5,1
77,8.94,3,1,4,10,5,1
79,9.4,7,1,8,9,2,1
82,9.59,5,1,1,9,2,1
111,6.27,4,0,5,9,5,1
122,8.63,1,0,4,8,2,1
111,8.37,2,1,3,9,3,1
123,9.69,4,0,9,8,2,1
88,8.67,4,1,6,10,4,1
130,9.09,1,0,5,9,3,1
118,9.46,5,1,1,7,5,1
114,6.72,5,1,9,8,2,1
132,8.63,3,0,1,6,4,1
122,8.34,6,0,2,4,5,1
94,9.48,1,1,2,10,5,1
70,9.79,4,0,2,8,2,1
130,8.74,8,1,6,1,3,1
83,8.86,1,0,10,9,2,1
104,8.2,4,0,3,10,5,1
112,9.22,4,0,9,10,5,1
112,8.61,8,0,6,2,2,1
96,8.78,1,0,2,9,2,1
111,8.03,6,0,4,9,0,1
119,8.38,5,0,7,9,0,1
117,8.71,7,1,4,3,3,1
125,8.29,2,0,9,10,5,1
123,8.84,5,0,1,2,3,1
111,6.32,6,1,3,8,5,1
87,8.89,6,0,5,8,2,1
114,9.81,3,1,9,7,5,1
122,8.29,8,0,10,10,4,1
98,9.33,1,0,3,10,2,1
122,7.69,4,1,2,10,2,1
127,10.05,6,1,0,1,2,1
108,8.29,8,0,3,8,2,1
116,8.66,2,1,10,3,5,1
56,9.38,7,1,6,8,2,1
93,10.16,7,0,1,10,3,1
87,10.37,8,1,1,9,3,1
113,8.42,8,1,0,9,3,1
95,9.16,2,1,1,9,5,1
101,9.53,5,1,1,10,4,1
107,10.34,3,1,9,8,4,1
76,9.96,6,1,4,10,3,1
75,8.68,7,0,7,8,2,1
117,10.2,4,0,6,1,3,1
110,9.54,9,0,1,10,4,1
113,8.97,3,1,5,2,4,1
97,9.15,5,1,6,9,4,1
120,6.21,8,0,2,8,5,1
113,9.04,10,1,10,1,5,1
117,9.36,3,0,1,7,5,1
119,9.01,5,0,0,2,5,1
115,8.38,3,0,4,7,4,1
114,8.45,6,1,0,10,2,1
112,7.63,4,1,1,9,2,1
95,9.67,4,1,5,10,3,1
118,10.1,8,0,9,9,5,1
108,9.47,8,0,5,10,2,1
113,10.1,1,1,1,3,3,1
129,8.99,9,0,0,4,2,1
109,9.71,8,0,7,8,5,1
116,8.41,5,0,0,5,5,1
128,9.35,8,0,10,1,3,1
85,8.1,6,0,4,8,5,1
112,8.29,10,1,0,8,2,1
109,9.38,5,0,4,10,4,1
105,9.27,7,1,0,8,5,1
111,5.07,6,1,9,10,2,1
75,9.27,3,0,8,9,5,1
117,8.8,9,0,9,6,2,1
86,8.36,3,0,8,8,5,1
114,8.36,3,0,5,8,2,1
115,8.16,8,0,1,6,4,1
59,10.29,2,0,10,9,4,1
90,10.2,5,1,8,8,2,1
114,8.59,6,1,8,9,1,1
124,8.22,9,1,8,5,2,1
119,5.57,1,0,5,10,3,1
101,10.1,4,0,0,10,4,1
80,8.8,5,0,6,8,4,1
95,9.82,4,0,8,8,5,1
116,6.64,10,0,9,8,4,1
128,8.07,7,0,10,6,4,1
76,9.79,9,0,6,9,3,1
113,10.18,4,0,9,2,4,1
96,9.45,10,0,1,9,3,1
91,9.54,6,1,1,9,4,1
113,9.56,9,0,10,7,4,1
120,7.93,1,0,9,10,5,1
111,7.58,10,0,8,8,4,1
115,8.39,4,1,7,5,5,1
83,9.01,4,1,2,9,4,1
111,8.31,5,0,2,5,3,1
120,6.6,8,0,6,9,2,1
123,5.45,6,1,6,10,2,1
105,9.48,4,0,0,8,4,1
125,5.29,1,0,7,9,4,1
133,5.64,8,0,0,9,3,1
116,9.68,5,1,8,1,5,1
129,10.2,9,1,4,2,5,1
116,8.85,7,1,7,4,3,1
94,8.62,3,0,5,8,4,1
73,8.73,9,1,0,10,5,1
86,9.01,1,0,0,8,3,1
120,9.85,6,1,1,7,5,1
147,7.14,4,0,0,8,2,1
99,8.72,4,0,1,10,2,1
107,9.31,5,0,1,9,5,1
108,8.84,6,0,9,9,4,1
102,8.5,1,1,10,8,5,1
116,8.79,9,0,2,4,5,1
88,9.63,4,0,4,10,3,1
106,8.34,7,1,10,9,4,1
112,5.69,1,0,9,10,2,1
117,9.29,8,0,9,7,5,1
116,8.13,10,0,3,1,5,1
103,9.07,9,0,1,10,3,1
114,9.02,9,1,8,8,2,1
112,8.93,1,1,2,9,4,1
120,8.92,5,1,1,9,2,1
115,8.05,10,1,6,10,0,1
141,8.12,6,0,4,10,4,1
105,9.73,7,0,9,8,3,1
102,9.78,3,0,6,9,4,1
92,10.01,2,0,5,8,5,1
112,10.11,1,1,5,5,4,1
91,8.01,8,0,10,10,5,1
113,9.46,2,0,10,9,2,1
114,9.81,6,0,0,4,5,1
121,7.71,1,0,10,8,3,1
115,4.87,7,1,1,8,5,1
86,9.1,8,0,2,10,5,1
116,8.85,8,0,2,1,4,1
111,9.57,7,0,9,9,4,1
61,8.65,7,0,4,10,3,1
100,8.38,2,1,6,8,5,1
116,9.1,4,1,7,4,5,1
100,9.01,8,0,5,9,5,1
123,8.07,5,0,1,5,4,1
83,8.64,3,0,8,10,3,1
123,9.42,10,1,10,9,3,1
130,7.18,10,1,5,9,2,1
120,9.05,7,1,5,3,3,1
122,8.43,6,0,1,5,4,1
113,9.3,2,0,0,4,5,1
131,6.92,2,1,1,8,5,1
111,8.64,7,0,3,2,5,1
119,9.04,6,1,0,5,2,1
100,8.97,3,0,8,10,4,1
124,8.33,3,0,1,3,3,1
96,8.46,7,0,9,10,3,1
121,9.65,4,1,1,9,0,1
114,7.16,4,0,2,9,2,1
87,9.34,10,1,10,9,2,1
121,9.06,2,0,2,2,5,1
126,8.7,6,0,5,9,5,1
111,9.69,10,0,7,10,1,1
125,7.61,3,1,6,9,3,1
94,8.08,8,0,10,10,3,1
116,6.91,2,0,10,10,5,1
116,9.94,10,0,0,9,4,1
123,10.03,9,0,0,10,2,1
91,8.35,3,1,0,10,5,1
74,9.1,1,1,3,9,4,1
94,8.15,10,1,8,10,3,1
86,8.31,9,0,9,10,3,1
113,6.14,9,1,5,9,2,1
115,8.16,4,0,0,5,4,1
102,9.75,6,0,1,8,5,1
125,8.52,1,0,1,2,2,1
112,5.23,4,0,6,9,2,1
115,7.13,9,0,4,10,3,1
105,9.4,6,0,10,8,3,1
115,8.1,7,0,8,3,3,1
116,6.52,3,0,3,10,2,1
108,8.47,3,0,7,9,5,1
112,9.86,9,0,9,9,0,1
126,8.34,2,1,0,5,2,1
80,8.96,10,0,2,9,4,1
96,9.39,4,1,10,9,4,1
122,8.42,8,0,6,10,3,1
135,9.48,9,0,7,6,3,1
121,9.69,5,0,6,3,5,1
125,5.11,4,1,1,8,2,1
129,8.55,8,1,9,10,5,1
108,8.37,4,0,7,10,2,1
114,8.46,6,0,5,8,3,1
144,9.88,3,1,8,6,2,1
118,8.95,5,1,7,3,5,1
130,8.61,1,0,3,3,5,1
83,9.41,7,0,10,9,3,1
86,8.01,7,0,3,9,2,1
136,9.04,5,0,0,2,2,1
115,9.45,9,0,0,10,1,1
128,9.78,7,1,8,3,2,1
105,10.14,4,1,1,10,4,1
86,9.21,8,0,5,9,5,1
112,7.02,2,0,3,10,2,1
139,7.04,10,0,6,8,5,1
104,8.92,7,0,1,8,5,1
126,6.34,9,1,5,9,3,1
118,8.05,8,0,1,3,3,1
118,8.55,2,0,4,3,3,1
119,8.49,5,0,0,8,1,1
99,9.07,10,0,2,9,3,1
121,9.72,3,0,6,6,5,1
110,8.36,3,0,4,9,3,1
111,9.9,4,0,0,6,4,1
121,8.9,7,1,6,1,5,1
125,6.54,9,0,0,10,3,1
114,5.04,6,0,4,10,4,1
84,8.14,4,0,1,10,2,1
127,9.21,4,0,5,4,2,1
115,8.45,10,1,7,2,2,1
112,9.43,6,0,6,2,2,1
85,9.94,8,1,9,8,4,1
103,8.45,2,0,0,10,5,1
116,7.37,4,0,4,9,2,1
115,8.41,7,0,8,8,0,1
123,8.97,1,0,4,2,4,1
113,8.2,8,0,7,1,2,1
100,9.5,3,1,6,8,5,1
115,9.47,3,1,8,3,4,1
120,7.02,10,0,3,9,4,1
118,8.1,3,0,3,5,3,1
125,8.81,2,0,3,4,5,1
129,8.78,8,0,8,6,2,1
123,8.39,9,1,0,2,2,1
112,8.56,1,1,1,7,5,1
92,8.71,3,0,1,10,4,1
113,6.7,5,1,1,8,4,1
108,8.06,8,1,2,10,4,1
91,8.03,8,0,3,9,5,1
94,9.08,2,0,3,9,2,1
113,8.27,4,0,5,7,4,1
126,7.76,5,0,0,10,3,1
127,7.66,6,0,1,8,3,1
112,8.8,1,1,2,7,5,1
112,8.63,3,0,2,9,3,1
125,6.97,5,1,8,10,5,1
114,7.19,2,1,2,8,5,1
123,9.95,1,0,2,3,3,1
124,9.03,3,0,5,9,3,1
133,9.07,1,1,6,9,0,1
112,8.35,8,0,3,9,2,1
89,8.03,10,1,2,10,3,1
110,8.39,1,0,3,9,4,1
118,8.41,7,0,0,8,5,1
86,8.81,2,1,3,10,3,1
89,8.06,1,1,7,10,5,1
68,9.09,9,0,6,8,3,1
120,9.32,4,0,1,8,1,1
105,9.3,5,0,8,8,5,1
102,9.84,5,1,6,9,3,1
111,7.92,5,1,7,9,3,1
158,5.89,8,0,5,8,3,1
91,9.47,6,1,2,9,5,1
89,9.31,10,1,9,8,5,1
114,9.55,2,0,3,8,5,1
114,9.94,8,0,5,4,3,1
113,8.08,3,1,1,7,3,1
122,8.77,2,1,1,2,2,1
94,8.51,2,0,6,9,3,1
114,8.68,5,0,5,5,4,1
93,8.01,2,0,8,8,2,1
118,9.96,10,1,9,5,2,1
111,7.41,7,0,0,10,3,1
126,8.54,10,0,4,5,4,1
117,8.33,4,0,9,8,4,1
118,9.83,6,0,0,8,4,1
71,8.7,4,0,0,8,4,1
87,10.1,5,1,1,8,2,1
75,8.46,1,0,8,8,5,1
98,8.82,10,1,8,8,2,1
71,8.06,2,0,3,10,2,1
79,9.09,6,0,8,9,5,1
76,9.39,7,0,1,10,5,1
116,6.26,1,0,10,9,4,1
115,8.59,1,0,9,7,3,1
93,9.81,6,0,6,8,2,1
117,8.41,3,1,2,9,0,1
94,9.8,10,0,0,10,3,1
117,8.71,8,1,5,10,4,1
126,8.55,2,0,10,9,1,1
92,9.05,2,0,6,10,3,1
124,8.96,6,1,6,10,5,1
127,8.18,10,0,10,10,2,1
118,5.95,7,1,3,8,2,1
112,6.1,4,0,1,9,4,1
124,6.56,5,0,2,8,4,1
95,9.85,9,1,2,10,5,1
115,5.92,6,0,9,8,5,1
111,9.22,3,1,8,4,5,1
95,8.76,4,0,3,10,5,1
112,9.52,8,1,9,1,2,1
86,9.33,6,0,4,9,3,1
98,9.77,7,0,9,8,2,1
109,9.28,6,0,5,8,4,1
114,8.71,5,1,1,9,5,1
85,8.74,2,0,3,9,4,1
112,9.23,1,0,2,3,5,1
126,5.47,9,1,3,8,5,1
75,8.71,2,0,7,8,4,1
111,9.59,10,1,7,1,5,1
115,8.44,9,0,4,8,2,1
106,9.67,3,1,7,9,3,1
109,9.61,3,1,1,8,5,1
115,10.05,1,0,8,5,4,1
117,5.64,2,0,10,9,2,1
121,9.23,2,0,10,9,1,1
120,6.06,4,0,1,9,2,1
67,9.99,1,0,5,9,4,1
121,8.04,7,0,3,7,2,1
119,8.12,10,0,0,7,4,1
105,9.34,1,0,5,9,4,1
117,7.68,7,1,5,9,2,1
116,9.45,1,0,0,3,5,1
131,8.23,4,0,1,9,3,1
99,8.09,1,0,6,10,2,1
116,9.7,7,1,4,2,4,1
116,9.74,7,0,1,9,3,1
99,9.28,9,0,7,8,5,1
112,8.79,4,0,3,5,2,1
113,8.98,6,0,1,10,1,1
123,4.58,3,1,2,9,5,1
124,10.0,10,0,6,7,4,1
110,9.95,7,0,7,9,4,1
92,9.98,10,1,5,8,5,1
94,9.5,8,0,4,9,2,1
127,9.12,1,0,7,8,0,1
117,8.84,4,0,6,9,5,1
91,8.47,2,0,10,8,5,1
122,8.73,8,1,0,1,4,1
103,8.79,10,0,6,9,3,1
90,8.54,2,1,8,9,4,1
120,10.08,10,0,6,6,3,1
120,8.99,10,0,5,9,2,1
108,8.93,10,0,4,9,2,1
104,8.77,9,0,4,10,4,1
123,6.58,7,1,1,10,3,1
94,9.31,6,0,8,10,2,1
100,9.18,6,1,2,8,3,1
102,8.57,6,0,7,8,4,1
115,9.54,1,0,10,6,5,1
96,8.3,7,0,1,9,4,1
117,8.68,9,1,4,3,5,1
120,8.09,8,0,2,4,2,1
94,9.73,8,0,9,9,2,1
125,9.41,4,0,9,10,2,1
66,9.29,3,1,2,8,4,1
124,5.52,9,0,5,8,4,1
82,8.37,3,0,5,8,3,1
122,8.58,9,0,9,8,3,1
98,8.63,10,0,1,8,5,1
131,6.38,4,0,9,9,4,1
123,9.83,1,0,3,1,4,1
121,6.89,1,0,0,10,5,1
88,8.67,3,1,8,9,2,1
114,8.95,5,0,0,3,2,1
113,10.05,5,1,6,1,4,1
119,9.02,4,1,10,8,3,1
84,8.56,7,0,10,8,4,1
118,9.16,2,1,2,4,3,1
118,9.46,7,0,4,2,4,1
117,8.16,6,0,8,8,2,1
111,9.48,7,0,4,8,3,1
105,8.85,2,1,10,10,5,1
110,9.01,1,0,3,9,2,1
111,7.24,1,0,3,10,2,1
95,8.63,1,1,3,8,4,1
117,9.79,2,1,3,5,2,1
113,8.19,1,1,8,2,3,1
128,9.25,10,0,4,7,3,1
108,8.31,1,1,6,8,4,1
87,9.5,3,1,7,9,5,1
102,9.61,7,1,8,9,4,1
105,8.65,1,0,3,10,5,1
94,8.25,9,1,3,10,4,1
89,9.42,5,1,5,10,2,1
104,8.09,9,0,1,8,5,1
117,8.52,3,0,0,2,3,1
112,9.09,9,0,6,6,3,1
99,9.16,2,1,2,8,3,1
117,6.5,6,0,10,9,2,1
118,8.84,10,0,0,10,0,1
112,9.06,1,0,10,8,3,1
118,6.74,2,0,4,9,5,1
113,9.55,5,0,10,6,5,1
113,8.62,5,0,5,1,3,1
78,8.13,4,0,7,8,3,1
148,9.08,1,0,7,8,3,1
134,5.81,9,1,0,9,2,1
125,4.7,7,1,4,10,3,1
87,9.79,10,1,6,8,2,1
107,9.64,5,0,4,8,5,1
85,9.04,10,1,3,8,3,1
121,9.44,2,1,5,6,4,1
118,8.12,1,0,6,7,2,1
112,8.18,7,0,7,9,4,1
119,8.42,8,0,4,7,3,1
109,8.8,1,1,7,8,5,1
81,10.17,1,1,9,8,3,1
97,9.15,2,1,5,9,5,1
84,9.16,8,1,6,9,5,1
93,8.47,10,1,0,10,2,1
96,8.69,10,0,4,10,4,1
94,10.29,1,1,1,9,5,1
117,6.68,2,0,0,10,2,1
114,8.93,2,1,3,9,0,1
112,7.62,10,1,6,9,2,1
116,9.0,9,1,10,1,3,1
114,7.34,3,0,7,10,5,1
114,8.27,7,0,9,3,4,1
102,8.57,3,1,8,10,5,1
120,9.47,8,1,6,8,5,1
125,6.15,4,0,5,9,3,1
124,9.75,1,0,6,1,5,1
95,8.47,3,0,5,9,3,1
77,8.1,2,0,3,8,4,1
127,5.62,7,0,10,8,4,1
96,8.51,8,1,9,8,4,1
122,8.73,10,1,0,9,2,1
113,7.45,3,1,9,9,5,1
111,8.57,9,1,7,10,5,1
87,9.83,10,1,8,8,2,1
132,8.24,2,0,7,10,0,1
102,8.87,6,0,3,8,2,1
130,9.29,4,0,6,1,3,1
119,4.89,5,1,4,9,2,1
83,9.12,6,0,1,9,3,1
105,8.24,6,1,0,10,3,1
108,10.07,7,1,5,8,2,1
120,5.48,9,1,6,8,5,1
124,8.53,8,1,0,3,3,1
105,9.65,5,1,6,10,4,1
79,10.46,1,1,1,9,5,1
108,9.0,3,1,10,9,5,1
92,8.27,5,0,7,8,4,1
123,8.0,9,1,10,9,4,1
107,8.22,2,1,5,9,5,1
89,9.69,7,1,10,8,3,1
111,7.58,7,0,3,10,3,1
113,7.49,2,0,7,10,4,1
142,9.9,10,0,9,10,3,1
121,8.99,4,0,0,9,0,1
111,9.05,1,1,9,8,3,1
104,8.14,3,0,6,8,3,1
93,8.92,7,0,7,9,4,1
125,8.97,5,1,4,10,2,1
112,8.58,2,0,3,3,3,1
120,9.11,9,0,6,2,5,1
113,9.64,8,1,4,9,3,1
120,7.0,1,1,0,9,5,1
123,7.04,7,1,5,8,2,1
90,9.05,9,1,1,9,2,1
114,8.12,3,1,7,8,1,1
83,8.61,6,1,7,8,3,1
124,5.47,10,0,1,10,3,1
105,8.49,8,0,10,9,4,1
116,9.31,7,0,4,2,5,1
111,9.32,10,0,3,10,3,1
89,8.29,5,1,0,10,5,1
94,8.72,10,0,5,8,4,1
92,8.41,3,0,10,10,4,1
135,8.24,8,1,1,10,0,1
105,8.97,9,1,0,10,5,1
76,8.49,1,0,7,9,3,1
83,8.65,1,1,0,9,2,1
72,8.79,1,1,4,8,2,1
112,5.91,1,0,5,10,4,1
117,8.02,10,0,7,10,5,1
128,8.06,4,1,10,10,2,1
121,8.24,7,1,5,4,2,1
72,9.85,8,1,2,9,5,1
116,10.1,5,1,6,9,0,1
103,9.37,10,0,10,8,5,1
103,8.63,3,0,10,9,5,1
103,8.44,4,0,9,10,4,1
121,9.25,6,1,5,10,3,1
111,8.46,8,0,9,6,2,1
117,9.29,3,0,4,10,5,1
88,8.28,6,0,7,9,5,1
103,9.57,9,0,10,9,5,1
77,8.51,10,0,0,10,5,1
118,8.33,6,0,1,3,3,1
101,8.14,4,1,5,9,5,1
110,8.72,7,0,4,9,3,1
116,5.39,9,0,0,10,2,1
88,8.1,10,0,6,9,3,1
115,5.69,4,1,2,9,4,1
125,7.66,10,1,1,9,2,1
111,9.42,5,1,3,7,5,1
107,9.86,7,0,0,8,4,1
107,8.96,7,0,2,10,4,1
114,10.08,10,1,3,1,5,1
129,9.32,2,0,7,3,4,1
115,8.79,9,1,10,7,5,1
73,9.69,2,1,2,9,5,1
91,8.41,9,0,2,9,2,1
109,8.76,6,1,10,9,2,1
130,8.12,4,1,5,5,3,1
112,5.3,5,0,4,8,2,1
112,9.34,2,1,9,2,2,1
114,9.78,4,0,4,4,4,1
98,8.07,8,1,0,10,2,1
112,6.78,3,1,10,9,4,1
118,5.77,4,0,8,10,5,1
114,8.7,7,1,9,6,5,1
101,8.68,1,1,6,9,5,1
117,5.53,6,1,4,9,2,1
127,9.2,9,0,9,1,5,1
117,6.19,1,0,3,8,5,1
91,8.41,8,1,5,8,3,1
112,9.65,7,0,2,9,3,1
119,8.56,2,1,5,2,4,1
107,8.14,6,0,3,8,4,1
93,9.29,3,0,6,9,5,1
111,8.48,3,1,8,6,3,1
113,9.2,5,0,0,8,5,1
93,8.33,9,0,2,8,4,1
112,7.76,5,1,9,8,5,1
125,9.35,5,1,3,2,4,1
87,9.8,3,0,7,10,5,1
116,10.33,9,0,2,9,5,1
82,9.88,3,1,2,8,4,1
115,9.49,6,0,3,1,5,1
91,10.38,3,0,5,8,2,1
85,8.29,3,0,3,8,4,1
86,10.38,6,0,6,9,5,1
116,6.39,6,0,2,9,5,1
117,7.21,4,1,9,9,5,1
117,6.99,2,0,1,8,5,1
111,6.91,8,0,1,10,2,1
114,9.15,5,0,4,3,4,1
129,9.39,8,1,4,1,3,1
105,8.07,4,1,5,8,5,1
112,8.67,7,1,1,9,0,1
81,8.21,5,1,1,10,3,1
127,8.13,4,0,8,10,0,1
112,8.54,9,0,9,3,3,1
103,9.02,4,0,1,10,4,1
111,8.16,4,0,4,5,3,1
113,9.32,4,0,8,6,4,1
119,5.56,4,0,8,10,5,1
119,9.46,2,0,3,3,2,1
93,8.97,1,0,2,8,2,1
118,9.64,9,0,6,5,2,1
89,8.25,1,1,9,10,3,1
91,8.36,1,0,9,9,5,1
112,7.88,5,0,8,8,3,1
57,9.39,1,0,10,8,4,1
110,8.45,7,1,5,9,4,1
122,8.59,3,0,6,2,5,1
91,8.24,4,0,6,10,2,1
97,9.98,6,0,4,8,5,1
124,9.59,5,1,7,4,4,1
107,8.72,6,0,10,10,3,1
112,8.95,2,0,3,1,2,1
116,8.52,6,0,3,1,4,1
122,8.69,3,0,5,3,4,1
97,9.13,3,1,6,10,4,1
119,10.06,3,1,10,4,2,1
85,8.38,7,1,5,8,5,1
98,8.31,6,0,2,8,2,1
117,8.41,9,0,1,4,5,1
115,8.84,4,0,7,8,3,1
123,6.42,9,0,2,9,3,1
99,9.8,6,0,9,10,3,1
88,8.87,7,0,1,8,2,1
100,8.78,4,0,10,9,3,1
83,9.13,10,0,5,9,2,1
80,10.22,1,1,10,9,4,1
111,8.3,8,1,4,6,5,1
118,5.45,1,0,5,9,4,1
141,8.03,5,0,3,6,3,1
107,10.11,3,1,7,9,2,1
111,8.7,7,1,6,10,5,1
97,9.28,10,1,10,9,3,1
97,9.77,8,0,0,10,3,1
120,7.54,4,0,5,9,3,1
117,5.22,8,1,0,8,5,1
91,8.46,4,0,2,8,4,1
135,9.33,2,0,5,9,5,1
113,5.56,10,0,2,9,5,1
97,9.65,4,1,4,10,2,1
92,9.35,4,0,9,9,3,1
146,9.62,9,0,6,3,3,1
106,8.37,1,0,0,9,3,1
114,9.34,9,1,1,4,3,1
120,7.94,1,1,9,8,3,1
124,5.86,10,1,4,10,4,1
84,9.66,8,1,0,10,2,1
94,9.49,4,0,2,8,2,1
82,8.66,3,0,7,8,2,1
119,8.18,7,0,10,2,2,1
112,7.89,1,0,6,10,2,1
115,6.43,4,0,3,10,4,1
120,8.58,8,1,3,3,4,1
119,8.04,6,0,2,10,3,1
104,8.57,6,0,3,10,3,1
93,9.14,7,1,1,10,2,1
116,9.65,8,1,9,1,5,1
114,5.42,5,0,0,9,3,1
126,8.73,3,0,0,8,2,1
114,8.19,1,0,1,9,4,1
104,9.32,4,1,8,10,4,1
120,9.41,7,0,5,1,3,1
101,9.03,9,1,10,10,3,1
124,9.39,3,0,9,7,5,1
110,9.65,2,0,1,8,4,1
90,9.74,2,1,3,10,2,1
99,9.58,9,0,1,9,5,1
112,7.08,1,1,5,8,5,1
115,8.27,4,0,3,2,5,1
88,8.08,2,1,0,10,5,1
130,9.39,9,0,6,6,3,1
134,9.62,6,0,8,6,2,1
118,9.53,6,1,0,1,3,1
135,8.54,6,0,9,1,2,1
112,8.96,8,0,9,6,5,1
116,7.53,5,0,6,8,2,1
100,9.22,10,1,4,9,5,1
111,6.22,4,0,7,10,4,1
103,8.72,1,0,0,9,4,1
105,9.58,8,0,8,9,3,1
122,6.65,5,1,10,9,4,1
113,6.12,10,0,6,10,2,1
115,6.51,3,0,10,9,4,1
101,9.15,10,1,7,8,3,1
100,8.47,4,0,4,8,4,1
138,8.3,6,1,1,6,2,1
95,9.74,8,0,2,9,4,1
112,9.06,6,0,7,1,5,1
115,9.37,8,1,8,1,2,1
113,5.68,2,0,5,8,4,1
111,5.01,6,0,3,10,2,1
103,10.37,7,1,5,9,2,1
125,8.69,4,0,10,2,5,1
115,8.9,3,1,10,4,3,1
111,9.81,6,0,4,10,2,1
135,9.63,8,0,9,6,2,1
117,9.02,10,1,2,4,3,1
105,9.18,4,0,10,10,5,1
126,8.49,6,0,0,9,5,1
100,8.84,6,0,4,9,4,1
114,9.16,2,0,6,9,4,1
127,7.71,2,1,7,10,5,1
104,9.17,4,0,7,9,3,1
118,9.35,3,1,0,8,4,1
112,6.95,4,0,5,10,3,1
114,8.13,9,1,5,7,4,1
118,7.41,7,0,6,8,4,1
88,9.06,3,0,0,10,3,1
116,9.0,8,0,8,9,0,1
119,10.08,1,0,4,9,5,1
93,8.3,6,0,0,10,5,1
115,8.64,3,0,4,5,3,1
81,9.7,4,0,0,8,4,1
120,8.58,4,0,5,5,3,1
123,5.31,3,0,4,8,5,1
119,6.69,2,0,6,10,2,1
111,8.66,9,0,3,4,5,1
108,8.5,1,0,6,8,2,1
118,9.45,6,1,5,10,0,1
103,8.5,6,1,10,8,2,1
103,9.43,5,1,7,9,3,1
117,6.77,10,0,3,9,5,1
92,9.23,1,1,0,9,5,1
111,10.1,8,1,4,9,5,1
125,9.15,4,1,5,1,5,1
113,9.77,5,1,1,6,2,1
75,8.85,9,1,6,8,3,1
99,9.07,6,0,0,9,4,1
120,9.25,5,0,3,5,4,1
95,9.64,10,1,6,8,2,1
123,8.62,2,0,8,4,5,1
98,9.62,4,0,1,10,5,1
138,9.4,2,1,5,3,5,1
125,9.02,3,1,9,7,4,1
112,8.87,5,0,8,7,2,1
80,9.55,10,0,4,8,3,1
112,9.72,1,1,5,8,2,1
117,9.25,3,1,6,10,2,1
113,9.43,10,1,3,10,4,1
114,7.4,5,1,8,8,3,1
117,8.23,1,1,3,9,4,1
78,10.01,8,0,9,8,2,1
114,9.03,3,1,1,3,2,1
96,10.28,2,1,2,10,4,1
101,9.15,6,0,6,10,3,1
100,9.44,10,0,10,10,5,1
89,8.17,4,0,0,10,2,1
115,8.54,2,1,1,4,4,1
131,8.96,4,0,9,8,2,1
123,8.31,7,0,8,10,3,1
102,8.29,1,0,3,9,2,1
90,8.33,4,0,7,10,4,1
98,8.86,2,0,6,8,4,1
119,8.43,8,0,3,8,4,1
137,9.39,4,0,9,3,5,1
125,9.42,2,1,4,2,2,1
130,7.98,8,0,9,10,2,1
111,9.0,4,0,1,10,5,1
124,5.53,3,1,9,8,3,1
123,6.37,8,0,7,10,3,1
91,8.79,10,1,9,10,3,1
113,5.87,2,0,10,10,2,1
95,8.22,5,0,0,8,5,1
97,9.47,5,0,8,8,2,1
85,9.71,5,1,10,9,5,1
125,7.09,3,0,1,9,4,1
112,8.57,7,0,0,4,2,1
102,8.36,10,0,3,9,2,1
111,7.59,2,0,5,8,4,1
120,9.4,7,0,3,1,3,1
123,8.91,4,0,4,6,5,1
116,8.93,9,1,6,4,3,1
120,8.44,9,0,0,10,0,1
110,9.89,2,0,2,9,3,1
80,8.97,8,0,4,9,4,1
100,9.26,10,0,3,8,3,1
105,8.52,10,0,4,8,5,1
77,9.33,7,0,10,10,3,1
98,9.72,10,0,8,10,4,1
96,9.15,10,1,8,9,4,1
114,5.89,4,1,6,8,4,1
128,8.37,8,1,7,5,5,1
101,8.38,4,1,0,8,5,1
93,8.52,10,1,5,8,4,1
97,8.78,5,1,1,10,2,1
94,9.1,9,0,10,8,3,1
85,8.81,4,1,7,9,3,1
120,8.19,1,0,7,10,0,1
112,6.96,9,1,7,10,4,1
65,9.49,3,0,3,8,3,1
121,8.47,8,1,2,1,2,1
143,8.78,1,0,8,9,0,1
92,9.55,10,0,5,9,4,1
118,8.19,6,0,7,3,2,1
94,9.67,5,0,9,10,2,1
110,9.73,9,0,5,9,4,1
116,9.89,5,1,0,8,2,1
100,9.09,4,1,2,8,4,1
116,8.7,6,0,10,5,4,1
94,8.6,3,0,2,9,3,1
56,8.81,4,1,3,9,4,1
125,8.23,3,1,9,9,1,1
106,8.23,5,0,3,9,4,1
86,9.47,1,0,6,8,2,1
111,8.88,3,1,5,10,2,1
109,8.75,2,0,9,10,4,1
110,8.68,2,0,5,10,4,1
102,9.3,2,0,0,9,3,1
89,8.07,9,1,2,8,3,1
112,8.1,4,1,3,7,5,1
130,6.26,4,0,5,8,3,1
131,8.35,8,1,7,8,1,1
120,8.59,1,0,3,5,4,1
101,8.18,4,1,4,9,2,1
67,9.39,7,1,7,9,3,1
124,9.41,5,1,10,9,3,1
123,9.89,8,0,7,1,4,1
91,9.68,2,0,8,8,5,1
112,9.06,9,0,6,7,3,1
117,9.85,7,0,10,7,3,1
116,8.51,4,0,1,1,5,1
116,7.36,5,0,9,9,5,1
101,8.07,4,0,1,10,5,1
112,9.41,5,1,10,2,4,1
114,10.12,7,1,9,7,5,1
118,7.56,9,0,5,8,2,1
133,9.44,7,0,1,7,3,1
94,8.22,5,0,7,10,4,1
101,10.07,3,0,5,9,3,1
122,8.19,4,0,3,6,4,1
120,5.8,8,0,5,8,2,1
115,9.2,2,0,4,6,5,1
94,9.25,9,0,3,8,3,1
112,8.92,4,0,6,8,2,1
122,9.34,10,1,5,8,3,1
115,6.42,8,1,6,8,2,1
94,9.52,10,0,3,9,4,1
135,8.82,7,0,6,3,3,1
116,9.24,7,1,5,10,2,1
113,7.44,2,1,9,10,2,1
125,8.43,1,0,7,3,3,1
123,5.5,9,0,1,8,2,1
95,8.57,4,1,10,10,2,1
87,9.07,10,0,10,9,3,1
115,9.39,9,1,0,9,2,1
112,9.3,1,0,7,8,5,1
87,8.1,9,0,10,9,4,1
104,8.92,6,1,10,8,5,1
91,9.86,3,0,1,9,3,1
99,8.32,1,1,0,10,4,1
102,8.99,5,1,10,10,2,1
123,6.06,1,0,0,8,2,1
80,9.91,1,1,0,9,4,1
97,8.41,6,1,4,8,5,1
81,9.32,7,1,5,8,5,1
123,9.3,3,0,8,7,2,1
113,8.04,6,0,8,6,4,1
119,9.82,8,0,1,4,5,1
114,7.49,10,1,1,9,3,1
82,8.59,1,1,7,8,5,1
101,9.65,1,1,0,10,2,1
114,6.43,3,0,2,10,3,1
117,10.09,7,0,10,2,2,1
112,8.01,7,0,7,3,2,1
96,9.51,1,1,10,9,3,1
114,7.2,4,0,2,8,3,1
88,9.57,7,1,4,10,2,1
115,8.83,7,0,8,6,5,1
104,9.53,5,0,2,9,2,1
114,8.86,10,0,3,3,2,1
114,8.58,10,1,8,10,4,1
113,9.95,4,1,3,1,3,1
115,5.85,3,1,6,10,5,1
91,9.44,1,1,10,9,4,1
114,8.84,10,0,2,7,5,1
134,8.59,7,0,8,9,3,1
114,9.8,3,0,3,6,5,1
118,6.67,2,0,0,9,5,1
92,9.09,4,1,10,10,5,1
111,9.3,6,0,0,6,2,1
77,8.28,2,0,0,9,4,1
92,9.89,3,0,0,8,4,1
116,8.82,8,0,2,5,3,1
106,10.03,10,0,10,9,4,1
119,10.1,10,0,7,4,5,1
112,8.44,10,0,1,9,4,1
113,5.18,8,1,9,8,2,1
120,6.84,9,1,8,8,3,1
96,9.14,3,0,3,9,5,1
102,9.43,2,1,0,8,3,1
77,9.9,6,1,4,10,2,1
114,9.41,4,1,10,8,5,1
114,8.42,1,0,8,4,2,1
89,9.42,1,0,9,9,4,1
94,9.63,10,0,7,8,2,1
112,8.48,9,0,3,2,4,1
114,8.79,2,0,1,6,3,1
81,9.13,5,0,3,8,5,1
106,8.55,1,0,9,8,2,1
79,9.47,9,0,10,10,3,1
123,8.67,2,1,3,10,2,1
113,7.41,5,0,8,9,2,1
59,9.03,2,1,1,10,3,1
112,9.83,10,0,4,5,5,1
94,8.25,4,1,9,10,2,1
92,9.56,10,1,10,10,5,1
122,5.87,5,1,9,10,4,1
122,8.7,3,1,9,1,2,1
98,9.55,10,1,2,8,4,1
80,9.34,3,0,4,9,4,1
117,8.24,9,1,7,8,1,1
84,10.37,8,0,10,8,4,1
122,7.39,2,0,5,9,4,1
90,9.58,8,1,4,10,2,1
119,5.25,8,1,4,8,2,1
90,8.94,2,1,3,8,3,1
126,8.56,1,0,2,6,2,1
116,8.25,6,0,9,3,3,1
135,8.96,5,0,6,9,4,1
78,8.5,2,1,8,9,3,1
69,9.64,5,0,1,10,3,1
106,8.82,7,0,4,9,3,1
126,7.7,2,0,8,9,2,1
126,6.56,7,0,5,8,4,1
116,4.9,6,1,3,8,4,1
103,9.96,10,1,6,10,2,1
123,9.59,4,1,2,8,0,1
112,5.76,4,0,9,9,4,1
86,9.3,4,0,2,10,5,1
81,8.65,8,0,9,8,4,1
114,8.58,5,0,2,2,3,1
111,8.48,9,0,8,10,4,1
86,9.66,7,1,5,8,5,1
116,6.47,8,0,5,10,3,1
117,8.47,8,0,5,2,5,1
79,8.47,1,0,6,10,4,1
95,8.05,6,0,5,8,2,1
116,6.06,1,0,5,8,3,1
121,9.03,8,0,10,10,5,1
121,8.11,9,1,10,7,5,1
115,9.39,1,0,4,2,5,1
117,8.36,2,0,7,8,2,1
126,8.42,3,0,3,9,4,1
125,6.66,1,0,3,10,2,1
109,8.31,1,1,2,9,2,1
112,8.92,5,1,9,6,5,1
97,9.83,3,1,9,8,2,1
96,9.78,8,1,0,10,3,1
105,8.1,9,0,1,8,2,1
70,9.11,10,0,9,10,2,1
130,4.59,3,1,1,10,4,1
104,9.34,7,0,9,8,5,1
125,5.91,5,1,7,8,3,1
99,8.63,7,0,5,9,3,1
112,6.26,4,1,1,10,3,1
123,8.8,8,1,1,9,3,1
123,6.25,4,0,5,10,2,1
125,10.17,4,0,10,10,2,1
111,9.15,6,1,8,10,2,1
97,9.24,5,0,7,9,3,1
105,8.14,3,0,10,10,2,1
96,9.8,6,1,10,8,4,1
128,8.03,3,0,6,2,2,1
137,9.24,3,0,0,6,4,1
100,9.56,7,1,9,8,2,1
95,8.68,5,1,7,10,5,1
90,8.52,9,0,8,10,2,1
127,8.07,8,1,3,9,1,1
129,9.12,1,0,3,2,2,1
115,9.51,8,1,8,9,2,1
116,5.18,6,0,3,9,3,1
77,9.61,10,0,4,10,3,1
115,9.06,4,0,7,3,5,1
114,5.03,9,0,2,9,4,1
116,8.85,1,0,6,8,5,1
138,9.05,4,1,8,9,2,1
126,8.97,7,1,9,9,2,1
107,8.07,2,1,8,9,3,1
121,10.35,7,1,7,10,2,1
114,8.24,1,0,2,1,5,1
117,9.03,10,0,10,8,1,1
78,8.79,2,0,2,10,4,1
73,9.12,3,1,7,9,3,1
103,8.63,1,0,8,8,5,1
102,9.83,8,1,1,10,2,1
117,9.87,2,1,1,10,0,1
119,6.18,7,0,6,8,5,1
81,8.39,7,0,0,10,2,1
131,7.99,4,1,0,9,3,1
116,5.58,8,1,8,8,3,1
73,9.12,7,0,0,9,2,1
110,9.62,5,0,2,10,5,1
111,8.32,6,0,7,2,5,1
120,8.18,4,0,1,7,5,1
113,8.84,3,1,2,6,5,1
130,9.19,3,0,4,1,5,1
104,8.35,8,1,4,8,3,1
82,8.57,10,1,5,9,5,1
92,8.12,5,0,7,8,4,1
118,8.44,2,0,6,9,1,1
82,8.76,2,1,0,10,3,1
123,8.39,1,0,3,8,5,1
108,8.38,3,1,1,9,4,1
68,8.43,6,0,5,9,2,1
118,8.73,9,0,7,6,2,1
117,7.19,9,0,8,8,2,1
130,8.88,9,0,2,8,0,1
108,9.38,7,0,8,10,4,1
97,8.22,5,0,5,9,2,1
88,10.25,10,1,10,10,5,1
112,7.34,5,1,2,9,3,1
117,9.84,6,0,3,8,0,1
101,9.01,5,1,4,8,4,1
95,9.2,3,1,3,9,5,1
97,8.06,10,0,10,8,4,1
126,7.31,4,0,0,8,4,1
87,8.02,8,1,0,9,4,1
92,8.47,9,0,1,9,3,1
74,9.7,1,1,7,9,4,1
120,8.56,8,1,4,10,1,1
111,8.77,3,0,7,2,3,1
117,6.86,7,0,2,10,3,1
108,8.95,3,1,1,10,4,1
120,8.88,8,0,4,1,2,1
117,8.07,1,0,0,10,0,1
131,8.55,10,0,7,10,2,1
69,8.78,8,0,6,9,4,1
100,8.47,5,1,5,8,2,1
98,8.5,2,0,7,10,5,1
114,9.3,3,1,2,10,0,1
102,8.03,3,0,8,8,4,1
112,8.73,10,1,0,9,0,1
117,7.1,6,0,3,8,4,1
93,9.33,1,0,10,10,2,1
100,8.56,1,0,5,9,3,1
123,7.45,7,0,10,10,3,1
116,8.18,10,1,1,7,5,1
129,9.48,6,0,10,9,2,1
120,9.22,6,0,7,1,5,1
90,8.85,9,0,8,9,5,1
113,8.5,9,1,7,4,4,1
121,10.24,7,1,10,7,2,1
129,7.17,2,0,7,9,4,1
115,10.17,1,1,5,10,3,1
112,8.38,5,1,1,6,3,1
93,9.58,8,0,7,10,2,1
105,9.42,5,0,7,10,3,1
121,9.23,5,0,1,6,3,1
83,9.61,4,0,8,9,5,1
118,9.59,5,1,10,10,2,1
98,9.5,10,1,3,9,2,1
117,9.28,3,1,6,8,5,1
120,5.88,2,0,10,10,5,1
73,8.89,3,0,6,10,4,1
121,9.46,2,0,10,1,4,1
112,8.54,3,0,0,3,2,1
115,9.06,10,1,7,1,5,1
115,9.09,4,0,0,7,5,1
92,8.9,5,0,8,9,2,1
80,8.37,9,1,7,10,2,1
107,8.56,4,1,2,10,2,1
105,9.96,2,0,9,8,4,1
119,9.64,9,1,1,6,3,1
120,9.92,2,1,2,10,5,1
124,8.79,1,0,9,3,4,1
115,8.83,10,1,4,5,5,1
111,5.42,1,0,5,9,4,1
115,8.9,9,0,2,3,3,1
95,8.58,4,0,4,8,2,1
82,8.3,4,0,10,9,2,1
126,8.24,4,0,4,10,5,1
115,9.6,8,1,1,4,3,1
131,9.6,2,1,9,4,5,1
125,8.36,8,1,1,5,5,1
104,9.04,10,1,2,10,4,1
118,6.61,7,0,7,8,4,1
112,7.8,3,0,9,9,3,1
100,9.76,6,1,3,10,4,1
131,6.82,9,0,7,9,4,1
101,9.04,4,0,7,10,2,1
118,9.39,4,1,5,3,4,1
109,10.04,8,0,4,8,3,1
93,9.71,10,1,4,10,3,1
111,6.42,1,1,7,9,4,1
111,8.37,10,1,6,7,2,1
128,9.63,7,0,3,4,2,1
112,8.37,3,1,0,4,2,1
119,8.25,5,0,6,7,2,1
77,8.05,10,1,8,9,3,1
113,6.68,4,1,3,10,3,1
105,9.47,9,0,4,9,5,1
122,8.81,1,1,1,4,3,1
117,8.69,1,0,7,7,3,1
112,8.19,10,1,5,8,4,1
121,7.77,9,0,0,9,5,1
90,9.57,5,0,6,8,4,1
89,10.39,10,0,4,10,5,1
122,8.01,3,1,0,5,3,1
89,8.97,2,0,0,9,2,1
112,9.98,6,0,7,8,2,1
116,7.03,3,0,5,9,3,1
105,8.02,8,0,10,8,2,1
116,9.18,8,1,8,1,5,1
114,9.55,7,0,9,10,5,1
127,7.99,4,0,6,10,5,1
130,5.05,1,0,5,9,2,1
84,8.31,4,0,4,9,3,1
87,9.28,6,0,8,10,4,1
109,8.09,1,0,9,9,3,1
111,7.72,10,0,10,9,4,1
69,9.91,8,0,7,10,2,1
114,6.63,9,1,10,10,2,1
113,8.19,7,1,4,2,2,1
121,9.61,8,1,7,4,4,1
115,5.55,4,1,2,8,4,1
124,6.41,7,0,8,9,4,1
123,9.32,1,0,1,4,5,1
93,9.11,8,0,8,8,3,1
108,8.33,9,0,9,8,3,1
121,7.67,3,0,5,8,2,1
85,9.95,10,0,8,8,3,1
74,8.44,5,0,0,8,2,1
117,9.45,3,0,4,4,4,1
113,5.38,2,1,7,8,4,1
115,9.71,3,0,1,8,4,1
139,10.16,10,0,9,4,2,1
102,8.04,9,1,9,9,3,1
125,9.32,9,0,7,10,4,1
124,8.4,4,1,1,4,5,1
102,9.49,5,0,10,10,4,1
117,8.03,6,0,5,4,3,1
96,9.64,1,0,9,10,5,1
94,8.24,9,1,10,9,4,1
123,9.68,9,1,9,8,3,1
130,9.49,1,1,9,1,2,1
130,9.79,1,1,9,5,3,1
128,8.46,9,0,10,5,3,1
142,8.63,4,0,1,7,2,1
142,10.2,6,0,8,9,3,1
91,8.69,2,0,8,10,3,1
95,8.7,1,0,10,10,3,1
116,5.3,10,0,10,10,2,1
119,9.61,4,0,9,9,4,1
117,7.87,1,1,10,10,3,1
119,9.03,1,0,5,8,2,1
120,9.4,8,0,0,10,2,1
112,8.32,4,0,5,6,5,1
136,8.65,9,0,1,7,4,1
112,5.76,10,0,8,10,4,1
120,8.4,8,0,1,5,5,1
132,5.16,5,1,8,8,5,1
101,9.75,1,1,1,8,3,1
90,10.12,9,0,7,9,5,1
124,9.66,5,0,7,10,4,1
111,8.56,6,0,1,10,3,1
91,8.84,9,1,9,8,3,1
93,8.12,5,1,4,8,2,1
93,10.24,10,1,1,9,4,1
123,8.92,9,0,2,3,5,1
128,8.29,4,1,6,10,4,1
103,8.42,5,0,4,8,5,1
124,9.12,4,0,8,1,5,1
133,6.88,4,0,1,8,3,1
82,8.7,9,1,0,9,5,1
122,8.27,2,1,1,10,4,1
121,9.76,9,1,1,1,2,1
129,9.23,7,1,10,6,2,1
89,9.0,3,1,5,8,4,1
93,9.28,10,1,9,9,3,1
117,10.36,5,1,2,9,2,1
120,5.54,5,1,8,9,4,1
92,9.02,5,0,2,10,5,1
111,7.65,1,0,6,8,3,1
106,8.15,6,0,2,8,3,1
112,10.0,8,0,8,10,0,1
116,6.47,6,0,7,10,5,1
84,8.56,1,0,10,8,4,1
113,8.83,1,0,3,9,0,1
95,8.38,6,0,1,10,3,1
127,8.98,2,1,9,7,2,1
86,8.12,7,0,7,9,3,1
124,8.11,2,0,3,2,3,1
113,9.02,10,0,3,4,4,1
113,10.03,2,0,5,8,2,1
111,9.86,5,1,9,10,4,1
144,8.12,4,1,3,7,5,1
118,7.83,2,0,2,10,2,1
116,9.6,9,1,10,8,5,1
124,10.18,8,1,8,7,3,1
122,9.48,6,0,1,2,5,1
114,9.37,10,0,9,6,2,1
122,9.01,9,0,0,10,5,1
96,9.97,8,1,3,10,3,1
106,8.62,9,1,5,10,5,1
92,9.57,9,0,10,9,4,1
111,8.97,4,0,8,6,2,1
113,9.71,4,1,7,10,3,1
124,8.63,4,0,9,10,4,1
97,8.2,2,0,2,8,4,1
120,10.12,7,0,3,7,4,1
150,8.66,3,0,10,10,0,1
116,9.86,9,1,5,3,3,1
120,5.98,6,1,0,9,3,1
112,9.88,6,1,5,4,2,1
84,9.68,3,1,4,8,3,1
112,9.64,4,0,5,9,3,1
132,5.95,9,1,2,8,2,1
113,9.92,7,1,10,4,2,1
129,9.24,8,0,4,7,4,1
112,6.21,1,0,9,9,4,1
111,9.2,3,1,2,8,2,1
140,6.48,6,0,1,9,2,1
103,9.83,4,0,6,9,4,1
111,8.44,10,0,7,4,5,1
115,9.2,6,0,2,10,2,1
138,8.55,4,1,8,2,3,1
70,8.66,9,0,5,10,3,1
119,8.37,6,0,4,5,3,1
91,10.08,3,0,10,10,5,1
111,8.43,5,1,3,2,3,1
113,5.99,6,1,10,10,5,1
103,8.33,5,0,7,8,3,1
101,9.81,8,0,4,10,4,1
101,8.24,4,0,8,8,5,1
105,8.24,7,1,2,8,2,1
113,6.98,5,0,8,10,5,1
113,8.43,2,1,1,1,5,1
102,8.39,9,1,9,10,3,1
117,8.15,6,1,3,9,2,1
115,7.16,9,0,3,9,4,1
104,9.67,4,0,10,10,5,1
114,8.25,7,0,4,2,4,1
112,9.9,7,0,9,9,4,1
73,9.39,5,0,2,9,5,1
90,8.27,6,1,3,10,4,1
120,8.01,1,0,8,7,2,1
83,8.06,6,0,7,10,4,1
110,8.85,2,0,5,10,3,1
115,9.31,5,1,9,1,5,1
123,8.51,5,0,0,4,4,1
106,9.66,10,0,0,10,3,1
94,8.74,5,0,10,9,5,1
91,8.49,3,1,4,10,3,1
123,5.28,7,0,10,8,2,1
90,8.51,7,0,7,9,5,1
102,8.26,4,0,10,9,5,1
111,8.18,4,0,0,9,2,1
111,5.46,7,0,10,9,5,1
137,9.34,6,1,5,9,0,1
128,9.51,9,0,2,5,3,1
115,9.55,6,0,2,1,2,1
108,8.51,7,0,0,10,3,1
115,9.66,1,1,6,5,3,1
93,9.14,1,0,10,10,4,1
120,7.76,1,1,9,9,2,1
118,9.81,2,1,2,6,3,1
110,8.37,4,1,8,10,2,1
128,8.67,3,0,5,5,2,1
117,5.43,4,0,9,9,3,1
93,8.32,4,0,4,9,4,1
114,9.66,10,0,7,10,1,1
102,8.11,1,0,4,10,2,1
132,9.41,5,0,9,10,5,1
110,8.17,3,1,3,8,2,1
100,9.44,3,1,7,9,4,1
118,8.48,8,0,4,9,5,1
85,9.91,9,1,8,8,2,1
115,8.94,2,1,6,2,2,1
105,8.51,10,1,8,10,5,1
138,7.54,4,0,2,10,5,1
110,8.43,2,0,8,10,3,1
114,6.01,8,1,1,9,5,1
82,9.29,4,0,0,8,4,1
82,8.91,2,0,1,8,4,1
124,9.85,8,1,4,9,4,1
88,9.09,5,0,1,8,3,1
94,8.84,3,0,1,8,2,1
124,7.73,3,0,8,9,4,1
101,9.09,10,0,2,8,2,1
112,7.96,1,0,3,10,5,1
113,8.13,2,0,3,5,5,1
112,8.86,8,0,0,2,3,1
113,9.91,3,0,10,1,5,1
113,6.73,9,0,1,9,3,1
82,9.04,2,1,9,8,2,1
93,9.81,2,0,7,10,3,1
147,9.36,10,0,7,10,4,1
93,8.91,5,1,5,9,4,1
122,8.89,8,1,9,3,5,1
101,9.84,6,0,10,8,3,1
113,6.37,3,0,0,9,3,1
130,8.55,7,0,1,10,5,1
119,8.42,1,1,0,1,4,1
114,8.23,8,0,1,9,1,1
111,8.82,5,0,6,8,4,1
121,8.72,2,1,8,7,3,1
117,6.14,2,1,3,8,4,1
117,9.52,1,0,10,8,3,1
113,9.62,4,1,3,2,4,1
117,7.24,8,0,1,10,3,1
111,6.03,9,1,7,8,3,1
120,5.32,1,1,4,10,5,1
113,8.64,8,1,5,5,2,1
108,8.37,3,1,6,9,4,1
89,8.69,2,0,2,8,3,1
88,9.4,1,0,6,9,4,1
103,8.03,8,0,8,9,3,1
72,9.33,10,1,1,9,2,1
119,10.04,5,1,6,5,2,1
106,9.41,8,1,1,10,4,1
94,8.06,10,0,3,9,5,1
114,8.2,6,1,9,6,5,1
126,7.44,1,1,4,10,4,1
130,5.87,9,1,2,9,4,1
111,10.37,1,1,4,1,3,1
106,8.1,1,0,0,10,2,1
112,8.61,9,1,9,8,5,1
109,8.23,9,0,9,9,3,1
94,9.94,4,0,7,8,5,1
109,8.45,3,1,0,10,5,1
97,9.25,1,1,4,10,2,1
115,8.01,10,0,1,8,2,1
110,8.25,8,0,0,8,4,1
95,9.89,4,0,10,9,5,1
120,8.78,5,1,5,3,2,1
112,7.97,7,0,5,8,3,1
124,9.46,3,0,8,9,5,1
117,5.66,8,0,10,10,2,1
123,9.09,5,0,1,9,5,1
112,8.83,8,1,5,3,5,1
111,6.1,6,1,9,10,4,1
113,8.59,1,0,6,5,3,1
116,9.84,10,1,4,2,2,1
100,8.89,4,1,0,9,2,1
120,9.25,10,0,5,7,5,1
111,9.04,7,1,4,10,2,1
119,8.66,7,1,6,2,2,1
117,9.22,9,0,7,6,2,1
98,9.03,5,1,10,10,2,1
123,8.19,2,0,5,8,3,1
124,6.77,6,0,2,9,5,1
120,8.65,3,0,1,8,3,1
130,6.35,10,0,0,9,5,1
81,8.22,8,1,2,9,5,1
101,10.1,7,0,7,8,3,1
92,8.4,4,0,6,10,3,1
122,9.52,6,0,0,2,4,1
115,7.01,3,1,2,9,2,1
113,9.41,3,0,2,6,2,1
124,8.69,3,1,3,4,3,1
67,9.03,7,1,10,9,4,1
114,9.6,4,0,9,4,4,1
118,8.11,7,0,2,2,5,1
111,6.97,6,0,8,9,3,1
117,8.13,6,1,2,10,3,1
99,10.16,3,0,3,9,2,1
81,8.88,6,1,2,8,4,1
104,8.45,2,0,6,10,4,1
82,9.31,9,0,2,9,2,1
118,8.88,8,0,0,7,2,1
124,9.04,4,1,7,10,0,1
109,8.29,3,0,1,9,5,1
121,9.99,1,0,7,1,4,1
113,8.56,10,1,9,8,0,1
118,7.19,8,0,5,9,3,1
118,8.6,3,1,5,2,3,1
118,6.12,1,1,8,8,3,1
114,9.43,1,0,7,7,3,1
102,9.74,2,0,4,10,4,1
90,8.74,4,0,9,8,4,1
117,9.37,2,1,7,6,5,1
105,8.45,3,0,1,8,5,1
119,8.3,7,1,6,8,4,1
125,7.67,7,1,9,10,2,1
96,9.96,8,1,6,8,2,1
122,8.85,3,0,3,1,4,1
115,9.58,9,0,7,7,4,1
117,8.18,7,0,1,5,2,1
101,8.38,3,0,2,8,4,1
113,8.77,8,0,7,3,3,1
88,9.29,10,0,5,10,4,1
112,8.37,10,0,7,8,5,1
114,9.45,2,0,7,5,3,1
114,9.99,1,0,9,9,1,1
112,8.36,8,0,3,6,4,1
115,5.82,4,0,5,8,2,1
128,9.86,7,0,0,4,2,1
98,8.44,9,0,7,8,4,1
85,9.77,8,0,10,9,3,1
93,10.07,5,0,7,8,3,1
121,8.51,2,0,9,6,4,1
120,8.55,9,0,3,1,4,1
100,9.74,8,0,5,8,5,1
120,9.46,2,0,8,1,3,1
106,8.28,4,0,2,10,2,1
111,5.73,2,0,0,8,5,1
121,9.33,1,1,0,5,4,1
121,10.29,4,0,4,10,5,1
116,8.54,10,0,0,8,1,1
120,8.36,2,1,3,9,0,1
91,8.2,1,1,1,9,3,1
87,8.75,9,1,9,8,4,1
112,9.69,2,0,9,1,5,1
92,9.27,3,1,6,10,4,1
127,5.47,10,1,5,8,4,1
99,8.81,3,1,4,10,5,1
121,7.36,4,0,6,10,2,1
94,9.22,8,1,10,9,4,1
111,6.58,8,1,2,10,2,1
106,8.91,5,0,4,10,2,1
111,9.69,6,0,5,1,2,1
111,8.81,10,1,9,2,2,1
115,5.88,9,0,6,10,4,1
106,8.67,3,1,2,8,4,1
104,10.19,7,0,7,8,4,1
92,8.53,5,0,0,10,4,1
118,6.46,8,1,9,10,2,1
114,9.77,5,0,8,10,1,1
127,9.55,2,0,8,2,4,1
115,9.47,8,0,7,8,3,1
129,8.57,4,0,8,10,3,1
132,5.51,4,0,4,8,4,1
112,7.93,9,1,3,10,4,1
88,8.01,8,1,4,10,2,1
115,5.67,4,0,10,9,3,1
98,8.67,1,0,2,9,5,1
110,9.48,10,1,10,10,3,1
69,8.89,4,1,4,10,2,1
101,9.45,9,0,7,8,2,1
120,6.67,5,0,4,10,3,1
132,9.06,6,1,3,4,4,1
106,9.16,1,0,6,9,3,1
83,8.32,2,1,4,8,5,1
121,9.03,3,0,2,1,2,1
77,9.23,1,0,3,8,2,1
117,8.18,3,1,5,8,1,1
95,8.95,8,0,6,10,2,1
118,9.25,8,1,7,3,4,1
108,8.58,7,1,3,10,3,1
95,9.18,8,1,6,8,5,1
112,8.55,2,0,1,1,4,1
122,9.39,2,0,4,8,3,1
107,10.04,10,1,5,9,4,1
115,8.63,1,1,0,10,5,1
82,8.95,2,1,3,9,5,1
115,8.63,3,0,6,8,4,1
105,9.24,8,0,8,8,5,1
130,8.5,7,0,1,4,2,1
130,5.7,10,0,2,10,3,1
98,8.95,8,1,5,10,2,1
78,8.85,8,0,7,9,5,1
116,8.26,5,1,7,7,5,1
122,9.67,5,0,8,4,2,1
119,8.19,8,1,4,4,3,1
104,9.6,8,1,8,9,2,1
98,10.25,5,1,6,8,4,1
122,8.12,10,1,6,2,2,1
114,9.21,6,1,4,1,3,1
137,8.37,9,1,2,10,1,1
118,8.02,7,1,0,10,0,1
106,8.11,8,1,1,9,2,1
123,9.71,7,1,1,7,3,1
114,8.87,1,1,7,2,3,1
84,9.39,6,0,10,10,2,1
117,7.84,5,0,2,10,3,1
117,8.51,9,0,3,10,5,1
123,9.02,10,1,5,2,5,1
116,9.05,6,1,1,10,3,1
102,8.59,3,1,1,10,5,1
125,7.45,5,0,1,8,3,1
90,10.04,10,0,1,10,5,1
112,8.54,9,1,10,8,2,1
91,8.68,3,1,2,10,4,1
112,9.56,6,1,0,9,4,1
102,9.42,3,0,8,9,3,1
116,7.39,6,0,10,10,4,1
83,9.73,4,1,10,8,2,1
116,8.58,9,1,7,8,3,1
97,9.38,10,0,8,8,2,1
115,8.97,9,0,5,2,2,1
81,9.17,3,1,4,10,3,1
97,8.78,6,0,10,8,4,1
87,8.5,7,0,10,9,5,1
130,8.56,10,0,7,1,4,1
107,8.68,4,0,4,8,2,1
101,9.67,8,0,7,9,4,1
128,9.14,2,1,8,7,2,1
83,9.9,9,0,8,8,5,1
97,8.58,7,1,8,8,5,1
99,10.28,6,0,10,9,5,1
121,8.48,9,1,6,10,1,1
115,9.57,9,0,0,9,5,1
110,9.99,8,0,9,10,4,1
87,8.04,6,0,7,10,2,1
109,8.22,2,0,7,8,2,1
127,8.73,5,0,3,2,4,1
113,8.07,2,0,3,7,5,1
123,10.01,6,0,0,4,5,1
84,9.69,7,1,1,9,4,1
109,10.09,2,1,5,10,3,1
117,8.44,6,0,9,4,4,1
119,8.29,4,0,1,8,0,1
103,5.66,9,1,8,6,0,0
86,5.54,3,0,6,1,1,0
123,9.44,10,1,2,2,1,0
99,6.2,8,1,8,1,1,0
109,9.33,3,1,7,8,0,0
102,6.13,1,1,6,1,2,0
104,5.41,7,1,2,5,3,0
105,8.68,7,0,10,5,5,0
102,6.28,2,0,0,8,4,0
103,9.09,6,0,5,1,0,0
113,6.78,6,0,6,6,5,0
95,8.36,5,0,7,7,5,0
92,5.88,3,1,4,2,2,0
92,5.62,2,0,3,8,5,0
88,5.13,3,0,3,1,0,0
101,8.22,2,1,8,10,0,0
107,6.71,10,0,9,10,1,0
98,7.79,2,1,2,5,2,0
72,8.14,9,1,9,4,4,0
91,5.6,2,0,9,7,4,0
87,6.32,4,0,1,4,2,0
93,7.84,2,0,1,8,3,0
95,5.68,9,1,2,3,3,0
87,5.95,1,0,4,6,2,0
113,5.93,10,1,3,3,1,0
86,4.92,2,0,2,8,5,0
73,10.41,1,1,2,7,4,0
100,8.67,10,0,6,4,4,0
71,7.87,5,0,3,2,2,0
114,4.99,3,1,4,9,0,0
100,7.09,8,1,5,2,0,0
117,6.51,5,1,2,1,3,0
73,9.4,8,1,7,2,0,0
106,6.87,10,1,3,3,4,0
91,6.54,7,0,5,8,2,0
88,8.39,1,1,4,1,4,0
113,6.45,2,0,7,1,0,0
101,8.59,5,0,4,10,1,0
101,9.89,1,1,6,1,1,0
102,6.54,7,0,8,4,3,0
89,7.79,7,0,8,1,3,0
96,8.08,4,0,6,1,0,0
120,6.98,9,0,6,3,2,0
103,8.57,10,0,3,5,5,0
117,5.32,7,0,0,2,5,0
110,5.27,4,1,2,6,0,0
110,8.41,10,1,9,6,1,0
87,6.39,1,1,0,6,3,0
93,5.3,5,1,4,10,3,0
110,9.1,4,1,0,7,4,0
128,7.49,6,1,8,1,3,0
75,5.88,3,0,3,5,3,0
110,6.57,5,1,7,2,2,0
66,8.64,6,0,0,3,2,0
91,6.87,4,1,9,4,0,0
90,6.42,10,1,9,6,0,0
79,5.59,8,0,5,9,4,0
81,6.05,1,0,3,4,3,0
105,9.11,5,1,0,7,2,0
108,7.05,1,0,1,3,3,0
91,6.72,4,1,5,3,5,0
105,7.91,2,0,1,2,3,0
93,5.85,6,1,3,3,5,0
116,5.88,1,1,3,2,5,0
117,6.91,2,1,2,5,1,0
79,5.0,5,0,9,8,0,0
95,7.77,3,1,7,10,2,0
128,6.21,3,1,1,6,0,0
118,6.35,9,0,3,2,0,0
124,7.24,7,0,2,4,4,0
94,5.29,2,0,10,6,3,0
94,6.2,1,0,8,1,1,0
119,5.63,1,0,5,5,1,0
122,5.75,8,0,3,1,1,0
87,6.71,2,1,2,8,2,0
68,7.17,1,1,5,8,0,0
115,9.57,6,1,10,5,0,0
98,7.58,5,0,1,4,0,0
108,5.42,3,0,2,9,2,0
98,5.56,3,0,1,4,4,0
79,6.75,6,0,5,8,4,0
78,9.4,10,0,5,3,0,0
99,6.76,7,0,2,1,0,0
93,7.32,3,0,1,1,4,0
101,5.96,6,0,0,1,1,0
103,7.12,9,0,8,10,0,0
98,5.78,3,0,10,4,1,0
78,6.12,4,0,10,10,5,0
86,5.26,6,0,10,8,3,0
100,8.38,4,1,4,7,1,0
80,8.84,3,0,1,3,0,0
97,6.19,2,1,7,3,2,0
100,9.47,9,0,6,3,1,0
86,9.85,2,0,9,5,2,0
103,7.75,7,0,6,10,0,0
96,6.58,2,0,9,2,5,0
72,5.77,2,1,1,6,0,0
96,5.62,6,1,7,10,4,0
107,7.74,9,1,2,3,5,0
121,6.51,9,0,0,2,3,0
78,6.33,8,0,10,8,5,0
121,8.0,8,1,0,7,5,0
101,8.63,9,1,8,2,3,0
75,8.86,3,1,2,9,0,0
101,8.45,7,1,3,6,3,0
84,6.24,2,0,6,5,2,0
121,5.47,6,0,1,3,5,0
129,6.68,4,0,4,6,0,0
97,6.95,6,0,0,8,1,0
102,8.92,2,0,4,4,2,0
89,10.12,10,1,6,4,2,0
81,9.47,3,0,4,9,0,0
127,7.18,6,1,3,2,1,0
78,6.71,9,0,4,5,2,0
99,9.1,7,0,6,5,4,0
91,5.85,6,0,4,10,3,0
95,8.25,5,0,9,2,2,0
99,9.8,4,1,7,2,0,0
68,8.84,9,1,0,1,5,0
99,8.76,3,1,0,2,3,0
115,7.53,1,0,0,5,2,0
121,6.71,4,0,8,3,2,0
104,5.29,10,0,4,2,2,0
77,6.68,8,0,8,2,0,0
102,7.57,3,0,4,9,4,0
91,4.68,8,1,9,4,0,0
89,6.11,7,0,4,5,0,0
82,9.48,4,1,10,6,3,0
93,9.73,9,1,0,3,0,0
102,9.97,8,0,1,5,1,0
106,8.83,3,0,9,2,5,0
89,9.08,7,0,1,4,0,0
80,5.48,7,0,8,7,4,0
85,6.16,10,0,7,10,4,0
89,6.84,10,0,7,2,5,0
98,9.41,1,0,7,5,0,0
90,7.42,6,0,2,1,4,0
92,4.93,5,0,9,9,2,0
80,7.57,5,0,8,10,4,0
110,6.44,5,1,3,4,0,0
79,9.15,6,0,1,2,0,0
82,5.75,2,1,10,10,4,0
103,8.08,4,1,5,5,3,0
98,7.69,1,1,5,7,3,0
122,8.09,6,0,1,5,1,0
98,5.5,4,1,10,1,1,0
104,5.42,3,0,1,7,1,0
109,6.03,5,1,7,2,1,0
97,5.41,6,1,4,5,2,0
102,7.11,9,0,9,5,3,0
127,5.71,6,1,2,5,2,0
89,6.46,1,0,6,6,1,0
106,9.12,4,0,6,7,0,0
108,8.35,9,0,6,5,5,0
74,9.95,4,1,0,1,4,0
93,5.26,3,0,10,7,3,0
104,7.26,10,0,1,2,1,0
124,7.91,10,0,5,6,1,0
99,7.07,5,1,5,1,2,0
75,7.38,2,0,1,10,0,0
91,7.29,6,0,1,3,3,0
108,7.74,7,1,2,9,5,0
91,6.96,8,0,10,3,4,0
107,5.92,7,1,9,1,0,0
99,8.64,9,1,5,2,3,0
99,9.03,7,0,1,3,2,0
92,6.21,8,0,3,9,0,0
75,7.0,10,0,1,9,3,0
91,4.82,7,0,0,6,4,0
108,8.8,1,0,7,2,1,0
83,9.58,7,0,7,6,4,0
103,5.77,1,0,0,5,0,0
71,6.14,1,0,0,10,0,0
107,7.63,2,0,10,9,4,0
96,6.56,9,0,10,3,1,0
83,6.31,4,1,2,1,5,0
96,5.57,2,1,5,3,5,0
83,9.68,1,0,2,2,3,0
94,6.43,2,0,4,6,5,0
99,8.32,3,1,1,6,3,0
106,7.22,10,1,8,3,1,0
102,6.22,8,0,4,8,3,0
111,9.54,1,1,4,2,1,0
116,7.12,10,0,6,8,1,0
88,7.02,3,0,8,5,5,0
111,7.3,4,0,1,6,3,0
92,6.21,5,0,2,1,1,0
97,6.51,9,1,6,7,1,0
106,6.88,6,1,9,6,0,0
96,8.11,10,0,5,8,0,0
102,9.37,4,0,9,3,4,0
84,5.13,6,1,1,10,2,0
80,6.07,1,0,3,6,5,0
118,7.88,4,0,1,1,5,0
103,8.62,2,0,6,1,5,0
88,8.72,4,0,8,9,1,0
93,7.91,9,0,0,1,0,0
90,7.96,6,0,4,7,0,0
125,7.81,1,0,1,7,5,0
105,6.63,3,1,0,4,4,0
82,5.47,2,1,0,8,4,0
87,7.29,3,0,10,5,4,0
90,9.86,5,0,0,4,5,0
93,8.05,4,0,2,6,2,0
97,9.04,5,0,8,4,3,0
67,9.1,1,0,1,1,3,0
110,8.91,10,1,9,6,3,0
87,9.32,4,0,0,6,1,0
115,6.87,5,1,3,1,2,0
85,6.32,2,0,7,6,0,0
84,10.07,1,0,0,4,3,0
91,9.16,4,1,0,9,1,0
116,6.21,8,1,9,5,1,0
76,5.19,2,1,1,1,2,0
96,7.18,9,1,2,10,5,0
101,9.06,3,1,7,5,5,0
84,7.06,4,0,9,9,5,0
95,8.68,9,0,2,4,0,0
71,5.35,6,0,7,2,0,0
113,5.31,6,0,7,5,1,0
83,7.22,6,1,5,9,4,0
91,9.6,2,0,6,6,0,0
98,7.7,4,0,6,3,3,0
104,6.69,5,1,6,6,1,0
115,8.68,6,0,8,6,0,0
82,9.76,3,0,4,5,0,0
104,5.15,9,0,7,9,1,0
122,5.81,3,0,1,6,0,0
85,6.73,9,0,2,10,3,0
98,7.7,10,0,9,3,5,0
94,7.56,7,0,3,10,5,0
84,9.26,6,0,10,3,1,0
83,9.83,8,0,3,5,3,0
86,7.87,9,0,7,5,2,0
120,6.13,6,0,3,4,1,0
84,7.89,7,0,10,9,1,0
114,7.61,8,1,7,4,2,0
93,8.71,10,0,2,9,0,0
115,7.37,8,0,10,2,0,0
72,7.2,1,0,10,2,0,0
64,9.13,7,0,5,5,0,0
79,9.44,10,0,1,4,0,0
101,7.6,1,0,8,10,2,0
102,8.51,8,1,9,2,2,0
106,9.52,4,1,3,10,1,0
77,7.52,10,0,1,2,5,0
96,5.32,7,0,5,8,0,0
90,10.14,3,0,1,4,3,0
94,6.74,3,0,6,10,5,0
136,5.31,2,0,3,1,1,0
99,8.83,7,1,5,1,3,0
99,5.73,2,1,10,5,2,0
108,8.44,1,1,4,7,3,0
89,7.04,9,0,6,9,3,0
116,7.98,3,0,4,5,0,0
87,7.85,5,1,2,9,0,0
99,7.36,9,0,8,5,2,0
127,6.49,3,0,10,7,2,0
81,4.97,10,0,8,10,2,0
92,9.03,9,0,7,4,4,0
89,5.39,2,1,5,7,1,0
119,9.34,10,0,0,6,1,0
90,5.4,5,0,8,1,5,0
99,5.56,7,1,9,9,5,0
86,8.68,4,1,9,2,1,0
117,4.87,3,1,8,6,1,0
95,7.68,5,1,1,5,2,0
107,6.03,6,0,5,6,5,0
110,7.03,9,1,1,8,3,0
87,6.9,9,1,10,6,4,0
103,6.45,10,0,5,10,1,0
96,5.85,5,1,8,10,3,0
89,7.65,5,1,0,10,0,0
111,7.91,5,1,0,4,3,0
90,6.41,8,0,5,1,2,0
115,6.72,4,0,0,3,0,0
93,8.32,10,0,9,5,3,0
88,5.68,8,0,10,7,4,0
108,7.69,4,1,4,2,1,0
91,6.75,8,0,2,10,3,0
100,5.94,7,0,2,10,5,0
70,9.27,8,0,4,3,4,0
52,8.89,3,0,5,3,5,0
100,5.59,9,0,7,9,1,0
74,6.94,10,0,0,2,5,0
71,8.03,9,0,3,4,3,0
99,5.31,9,1,7,1,4,0
100,8.97,3,0,6,5,0,0
94,6.78,3,0,2,6,5,0
117,5.83,2,1,1,6,1,0
100,6.41,9,0,4,2,5,0
87,7.32,3,0,4,3,1,0
84,9.42,5,0,8,2,5,0
84,9.69,9,0,2,1,2,0
109,4.99,5,0,8,9,3,0
97,6.0,5,1,10,4,1,0
96,7.45,7,1,9,2,0,0
82,9.14,2,1,7,7,2,0
105,7.8,5,0,9,1,3,0
93,5.36,9,1,6,1,1,0
102,9.41,2,0,0,2,0,0
85,8.66,8,0,1,2,3,0
110,5.55,2,1,5,10,2,0
72,8.67,7,1,5,9,1,0
111,5.51,8,0,1,9,0,0
113,5.6,7,1,0,5,4,0
110,8.83,6,0,0,10,1,0
97,6.79,9,0,5,9,3,0
93,6.85,8,0,8,2,4,0
94,8.84,9,0,7,8,0,0
135,7.17,1,0,6,6,3,0
90,4.88,6,0,8,5,2,0
96,5.63,3,1,10,10,4,0
77,7.73,5,1,4,9,4,0
88,6.46,2,0,8,2,0,0
79,6.47,7,0,8,1,3,0
115,5.71,6,0,5,3,1,0
117,5.69,9,0,8,2,5,0
79,8.33,1,0,9,4,3,0
106,8.39,8,0,9,6,2,0
62,9.32,7,0,3,5,1,0
86,7.9,3,0,4,6,3,0
90,9.21,2,1,2,8,0,0
77,6.56,10,1,0,3,5,0
110,10.11,2,1,5,8,1,0
83,7.26,9,0,9,9,3,0
102,5.22,5,0,5,10,1,0
122,5.69,2,1,2,6,0,0
85,9.42,5,1,1,1,5,0
87,8.64,4,0,8,2,1,0
112,7.08,1,0,5,2,4,0
99,6.3,1,1,6,8,0,0
84,10.12,6,0,2,7,4,0
85,6.23,3,0,9,5,2,0
91,8.74,9,0,8,5,5,0
103,4.89,10,0,8,2,0,0
97,8.12,6,1,5,6,1,0
97,8.69,1,1,3,4,2,0
129,6.28,7,0,0,1,0,0
99,5.73,7,1,6,9,0,0
101,5.62,1,0,1,9,5,0
82,5.89,8,1,9,10,3,0
121,7.81,7,1,7,5,0,0
95,6.08,3,1,0,7,4,0
95,8.15,5,0,0,3,0,0
128,7.18,10,1,3,7,0,0
74,6.47,10,1,4,2,1,0
85,8.38,10,0,6,3,1,0
92,5.97,6,1,3,1,3,0
93,6.51,8,0,5,7,4,0
92,5.12,3,1,3,4,2,0
78,6.65,4,0,10,3,0,0
100,7.78,8,0,1,9,0,0
107,8.19,2,0,4,4,4,0
105,9.87,2,0,4,6,5,0
83,8.85,2,0,3,8,0,0
104,7.39,4,0,6,4,1,0
86,7.99,7,1,6,7,0,0
85,5.76,7,1,8,4,0,0
117,8.79,7,1,7,1,1,0
96,9.52,5,1,3,2,0,0
89,6.46,9,0,6,7,4,0
99,8.19,3,1,2,1,5,0
99,5.12,2,0,0,9,2,0
129,8.65,1,0,6,4,1,0
100,5.91,10,0,6,10,1,0
118,6.6,1,0,5,1,3,0
97,8.64,10,1,9,7,5,0
93,8.07,4,1,6,2,2,0
99,10.0,1,1,3,4,5,0
121,6.52,6,0,9,6,5,0
109,6.01,2,0,10,9,5,0
82,8.79,8,0,1,7,1,0
92,9.49,10,1,8,5,3,0
102,9.86,8,1,0,5,5,0
99,7.69,9,0,0,3,2,0
104,7.42,7,0,5,3,0,0
82,9.5,7,0,6,6,0,0
92,7.84,5,0,2,3,5,0
83,7.01,1,0,9,4,3,0
95,7.6,10,1,2,4,4,0
124,7.34,5,1,6,2,3,0
87,5.12,9,1,6,2,4,0
91,7.31,7,0,7,6,1,0
107,7.56,2,0,7,6,4,0
93,8.62,1,1,0,2,2,0
95,7.41,8,1,2,9,1,0
72,5.44,4,0,9,8,0,0
91,4.89,3,0,6,5,0,0
98,6.71,8,0,3,6,3,0
86,8.16,6,1,7,4,2,0
117,5.52,9,0,5,3,0,0
109,5.67,2,0,7,4,2,0
86,6.87,3,0,2,8,1,0
99,5.36,2,0,9,8,0,0
120,7.56,1,1,1,5,0,0
107,6.09,10,0,5,7,5,0
111,7.06,8,0,5,3,5,0
71,5.03,3,0,7,2,0,0
100,7.96,4,1,9,5,2,0
121,5.87,9,1,0,1,4,0
92,6.34,4,0,10,2,2,0
99,8.64,6,0,3,8,0,0
85,6.62,4,0,9,1,0,0
98,6.6,9,0,5,10,5,0
92,9.1,10,0,4,5,4,0
98,7.26,10,1,5,10,4,0
106,8.25,4,1,7,1,0,0
90,6.91,3,0,4,10,0,0
64,7.17,5,0,5,9,4,0
97,5.9,5,0,0,6,1,0
101,5.44,10,1,9,5,1,0
139,5.47,4,1,1,5,1,0
96,10.03,8,0,0,3,1,0
108,5.53,7,0,9,10,0,0
91,6.52,5,0,9,9,1,0
119,5.55,1,0,9,10,0,0
93,5.53,5,0,8,8,4,0
87,5.33,10,1,4,3,0,0
68,5.58,8,1,6,6,4,0
82,9.25,4,0,1,2,4,0
107,5.9,7,0,5,6,3,0
104,7.59,8,0,8,7,2,0
88,7.16,7,0,7,6,3,0
125,7.49,7,0,10,5,5,0
105,7.5,10,0,8,10,4,0
98,5.79,5,0,8,8,1,0
125,7.4,1,1,9,5,2,0
115,6.77,6,1,0,7,4,0
100,7.75,6,0,8,9,0,0
111,6.71,8,0,4,7,2,0
116,7.81,7,1,9,4,4,0
93,8.11,10,0,4,2,2,0
96,7.81,1,0,10,2,5,0
86,8.39,8,0,3,10,1,0
94,7.03,3,0,3,8,3,0
101,5.23,1,0,3,3,1,0
109,6.19,6,0,1,1,5,0
59,8.54,7,1,0,1,4,0
93,9.41,2,1,2,5,1,0
72,5.46,2,1,8,6,3,0
80,5.7,4,1,6,7,2,0
105,7.14,8,0,2,9,3,0
90,7.59,7,0,8,4,4,0
106,9.09,2,0,2,3,2,0
94,9.54,8,1,2,4,1,0
83,6.07,4,1,4,4,5,0
96,4.89,8,0,7,7,0,0
78,10.33,3,0,1,3,3,0
105,7.08,3,0,3,9,1,0
55,9.83,4,0,3,3,1,0
103,7.28,8,1,9,2,1,0
92,7.83,6,0,6,3,2,0
100,6.96,1,1,3,3,1,0
100,9.45,5,0,4,5,2,0
83,7.6,4,0,6,8,0,0
106,7.78,4,0,2,5,1,0
85,10.02,9,0,2,4,2,0
94,6.94,4,0,8,10,1,0
96,5.41,4,1,7,3,3,0
99,5.63,10,0,8,4,4,0
79,7.39,10,0,9,10,5,0
103,8.34,7,0,0,4,0,0
94,8.18,1,0,2,4,0,0
92,9.9,10,1,1,5,2,0
85,5.52,1,0,8,2,4,0
87,7.42,2,0,7,3,2,0
91,8.01,2,0,6,4,3,0
91,5.24,2,1,6,9,1,0
92,6.6,1,0,0,9,1,0
94,5.16,7,1,8,1,5,0
96,5.72,10,1,9,7,5,0
97,5.69,3,1,8,6,4,0
88,6.37,4,1,9,5,2,0
113,6.4,4,0,7,6,5,0
101,5.17,7,0,7,8,4,0
125,8.07,10,0,1,1,0,0
100,7.33,1,0,4,6,5,0
103,9.3,2,1,5,6,3,0
86,10.07,4,0,9,10,1,0
103,9.09,3,1,6,3,4,0
104,7.33,5,1,10,4,5,0
117,4.87,7,0,1,6,3,0
104,9.27,10,1,7,7,2,0
97,7.41,5,0,6,2,3,0
94,6.16,1,0,4,10,1,0
90,9.91,6,1,5,2,2,0
92,7.99,1,0,2,8,4,0
100,8.66,7,0,5,5,3,0
107,7.25,2,0,6,5,3,0
70,8.56,10,0,6,1,0,0
107,9.43,6,0,10,1,1,0
109,9.07,3,0,8,1,2,0
103,5.17,10,1,3,5,5,0
96,5.33,9,0,9,10,3,0
98,9.47,6,0,4,1,5,0
101,5.51,3,1,2,6,0,0
91,5.93,7,0,3,4,5,0
94,7.14,3,0,6,6,0,0
89,5.95,8,0,9,4,0,0
64,6.94,9,0,3,5,3,0
82,9.08,10,1,9,3,1,0
84,5.57,7,0,8,3,4,0
90,6.66,1,0,7,1,5,0
70,8.71,6,1,7,2,5,0
101,8.63,5,1,8,2,1,0
99,7.76,9,0,2,6,4,0
106,8.4,9,1,4,3,5,0
96,7.69,6,0,1,2,5,0
109,5.04,7,0,2,8,0,0
92,9.85,2,0,4,4,3,0
104,7.58,4,0,6,7,5,0
102,7.03,4,0,8,5,2,0
102,8.19,9,0,3,7,3,0
73,10.45,6,0,2,8,1,0
103,8.25,6,1,4,2,1,0
92,6.35,2,1,10,2,3,0
83,5.52,7,0,8,3,1,0
93,7.77,9,0,2,6,2,0
115,7.02,1,1,0,3,3,0
105,5.78,7,0,1,2,3,0
107,9.32,4,0,8,4,0,0
109,7.57,10,1,5,4,1,0
102,6.58,10,1,5,2,2,0
102,5.43,2,0,7,3,4,0
84,9.43,1,0,3,2,4,0
95,5.28,2,0,4,7,5,0
103,8.71,7,0,9,4,2,0
119,8.48,5,0,2,2,1,0
110,8.69,7,1,7,3,0,0
99,5.89,3,0,3,7,0,0
109,9.04,2,0,8,1,3,0
94,8.08,9,0,1,6,0,0
74,9.77,8,0,5,2,3,0
87,8.06,2,0,4,9,0,0
86,5.32,2,0,8,5,1,0
95,5.84,2,1,3,8,0,0
93,8.43,9,0,7,2,3,0
113,9.62,3,0,0,5,0,0
117,7.64,3,0,10,5,4,0
103,8.77,8,0,6,6,1,0
84,8.02,10,0,1,5,5,0
56,6.24,8,1,6,3,5,0
117,8.31,6,1,7,6,1,0
106,6.42,6,0,1,5,4,0
106,5.95,9,0,10,6,1,0
114,7.31,6,1,8,3,0,0
111,6.13,1,1,8,3,5,0
94,6.78,10,0,2,1,2,0
106,8.45,6,0,8,6,0,0
96,7.87,2,0,5,6,1,0
91,10.17,4,0,1,6,3,0
78,9.4,6,1,2,6,2,0
103,7.55,10,0,7,10,3,0
110,7.11,8,0,9,1,4,0
78,6.1,9,0,2,9,4,0
94,6.09,1,1,10,2,3,0
104,4.64,10,1,2,5,1,0
97,9.88,3,0,9,7,4,0
104,6.08,6,0,1,8,0,0
110,8.3,5,0,10,2,4,0
90,5.26,10,0,2,6,3,0
100,8.26,10,0,8,6,0,0
81,6.89,1,0,1,4,4,0
116,7.32,5,0,5,5,2,0
90,7.06,3,0,2,5,4,0
103,6.03,8,1,1,6,1,0
114,10.01,5,1,8,7,1,0
130,4.91,9,0,2,3,2,0
108,7.37,8,1,3,5,5,0
106,8.0,6,0,1,10,3,0
100,7.09,6,0,6,9,4,0
99,5.91,7,0,10,8,5,0
81,7.44,7,0,8,10,3,0
136,8.97,4,0,3,2,0,0
95,9.98,8,0,0,1,3,0
78,5.71,10,1,2,1,5,0
108,6.09,5,1,10,9,3,0
104,6.83,2,0,10,1,3,0
107,8.93,4,1,7,2,4,0
75,7.21,6,0,1,2,3,0
95,8.33,7,0,8,2,0,0
92,7.53,1,1,2,3,0,0
95,9.61,4,1,3,3,3,0
133,7.4,9,1,1,4,3,0
84,6.51,8,0,8,7,4,0
102,6.11,1,0,0,5,3,0
97,6.77,1,0,0,10,0,0
97,6.47,10,0,0,2,5,0
123,5.12,1,1,5,2,2,0
100,9.68,3,1,5,6,1,0
99,5.53,9,1,10,2,1,0
109,5.78,10,1,1,10,0,0
112,6.1,6,1,8,4,3,0
93,7.43,7,0,0,6,3,0
102,9.33,5,0,0,4,3,0
114,6.96,9,0,4,5,3,0
119,6.05,7,1,5,3,1,0
94,9.64,6,1,8,1,3,0
90,6.68,9,1,7,4,0,0
119,6.65,4,0,5,7,2,0
107,8.12,2,0,3,5,5,0
101,9.44,7,0,4,1,2,0
87,7.27,3,1,1,2,4,0
98,9.16,1,1,9,2,2,0
105,7.79,3,0,2,5,1,0
102,9.77,3,0,0,3,2,0
90,6.89,4,0,5,4,2,0
126,7.36,3,0,7,6,1,0
125,7.1,3,1,1,2,1,0
104,10.05,10,0,1,5,1,0
85,9.35,10,0,1,3,3,0
110,8.9,3,0,2,5,4,0
76,6.97,5,0,3,5,4,0
99,7.98,5,1,2,9,0,0
93,8.59,10,1,2,2,0,0
85,8.45,4,0,1,8,0,0
89,8.22,8,0,10,1,1,0
112,5.58,7,0,3,4,0,0
63,8.05,8,1,10,6,5,0
86,5.56,10,1,9,4,0,0
91,8.99,4,0,6,2,4,0
95,6.45,5,1,5,1,2,0
95,6.22,7,0,7,10,2,0
110,7.45,8,0,1,4,1,0
112,7.82,7,1,5,3,0,0
90,5.39,8,0,7,6,1,0
91,6.83,6,0,9,8,4,0
97,5.42,1,1,2,2,1,0
89,5.32,1,0,3,9,2,0
97,6.64,8,0,4,5,3,0
87,5.1,10,1,3,2,3,0
88,5.93,2,0,1,4,4,0
90,6.7,5,0,2,10,1,0
88,5.83,10,1,9,10,3,0
86,5.2,3,1,5,3,4,0
101,6.04,10,1,5,7,1,0
143,5.94,5,1,10,5,5,0
98,7.3,10,1,10,2,1,0
102,5.26,6,1,0,2,2,0
108,5.44,10,1,4,7,1,0
108,8.6,5,0,10,9,0,0
108,5.68,10,1,8,4,1,0
99,5.65,8,1,6,8,4,0
110,7.34,4,0,4,7,2,0
78,7.82,6,1,4,3,2,0
101,7.38,1,0,1,8,2,0
106,8.92,1,0,3,3,3,0
99,9.5,3,0,0,5,3,0
85,9.85,5,1,9,7,4,0
122,5.98,9,0,8,1,4,0
66,8.51,3,0,1,7,3,0
107,6.51,4,0,1,10,4,0
95,6.19,8,1,0,9,1,0
84,8.69,6,0,5,6,3,0
103,8.17,4,0,3,5,1,0
62,7.16,10,0,3,10,5,0
75,9.48,8,0,8,2,3,0
83,7.77,4,0,5,10,0,0
98,10.22,3,0,8,6,1,0
84,8.58,5,1,2,7,4,0
109,6.32,7,1,7,9,1,0
97,8.93,6,0,5,4,1,0
90,5.19,8,1,9,5,5,0
100,6.4,8,0,8,4,3,0
106,6.87,4,0,1,2,5,0
93,4.99,1,1,8,6,3,0
119,5.72,7,1,9,5,3,0
82,6.14,10,0,6,3,5,0
95,7.62,8,0,9,9,5,0
91,6.21,1,1,4,4,5,0
105,9.29,10,1,9,6,1,0
98,7.62,7,1,7,8,4,0
90,5.9,3,0,4,9,1,0
97,5.06,9,0,4,9,2,0
79,4.81,10,1,3,8,3,0
87,9.56,9,0,1,4,0,0
121,7.42,7,0,1,5,0,0
87,7.66,2,1,5,6,5,0
124,7.37,9,0,2,6,3,0
108,8.91,2,1,10,9,0,0
90,6.78,7,0,4,3,1,0
93,6.99,2,1,5,9,0,0
113,7.2,7,0,8,6,2,0
94,6.09,9,1,0,8,5,0
78,6.38,3,0,1,5,3,0
104,9.12,10,1,9,7,1,0
108,7.68,3,0,10,7,3,0
88,8.38,5,1,9,1,1,0
109,9.74,9,1,4,9,0,0
102,8.12,6,0,5,1,3,0
106,8.34,6,1,9,1,4,0
106,7.59,2,1,9,10,1,0
78,8.51,6,0,3,4,2,0
86,6.68,4,0,8,8,1,0
111,5.38,7,1,8,3,3,0
107,7.15,3,0,3,1,2,0
110,9.34,1,1,0,3,1,0
92,8.26,4,0,9,2,4,0
105,8.27,8,1,8,5,1,0
96,4.87,5,1,6,10,1,0
99,7.26,6,0,0,8,3,0
108,6.67,3,1,9,7,2,0
88,9.07,6,0,5,4,5,0
89,9.62,10,0,1,7,0,0
98,6.75,1,0,9,1,2,0
85,7.31,6,0,10,4,1,0
103,6.15,2,1,0,9,0,0
78,8.88,7,0,7,1,3,0
94,8.2,8,0,0,3,2,0
97,8.96,5,0,8,7,3,0
100,5.4,6,1,7,2,3,0
101,7.48,7,1,4,1,4,0
109,5.99,9,1,4,5,0,0
96,6.19,4,0,5,10,1,0
89,5.46,3,0,8,3,0,0
82,6.61,1,0,3,2,2,0
65,9.09,2,0,4,7,5,0
124,6.56,5,0,2,5,1,0
95,5.04,7,0,5,9,1,0
102,6.88,4,1,3,1,4,0
95,6.78,7,0,6,4,0,0
82,7.85,7,0,7,8,2,0
107,6.42,6,0,2,10,4,0
77,5.32,7,1,0,10,2,0
66,7.88,6,0,3,3,5,0
112,6.89,8,1,3,5,0,0
84,7.04,5,1,10,6,1,0
87,6.25,9,1,3,4,1,0
130,5.32,5,1,9,10,1,0
76,7.45,6,1,1,4,4,0
62,7.53,1,0,9,10,5,0
118,7.89,9,1,8,4,3,0
104,6.84,2,1,10,3,0,0
77,8.89,9,1,2,7,3,0
112,7.2,10,1,6,1,5,0
107,7.56,3,0,3,7,1,0
91,6.25,2,0,6,1,0,0
102,5.33,10,1,3,8,0,0
95,7.07,7,1,0,8,3,0
103,6.22,3,0,6,6,5,0
92,7.83,9,1,1,7,5,0
113,5.94,2,0,7,6,3,0
68,7.95,1,1,1,5,0,0
83,5.07,9,1,1,2,2,0
97,8.22,2,0,8,10,1,0
104,7.84,9,1,2,5,5,0
108,9.49,10,1,5,1,0,0
85,5.61,9,0,10,5,4,0
67,5.78,10,0,5,7,1,0
138,5.94,3,0,2,8,1,0
118,7.87,7,0,7,2,2,0
92,8.56,1,0,2,6,5,0
108,6.26,5,0,7,1,5,0
100,6.22,9,1,10,10,0,0
76,7.93,7,0,10,5,1,0
96,7.99,5,0,3,6,2,0
96,8.15,4,1,2,2,1,0
98,9.47,4,1,3,2,1,0
95,9.51,9,1,6,9,0,0
83,7.21,9,0,7,1,1,0
70,7.27,7,0,9,5,1,0
105,9.34,8,1,6,3,3,0
103,8.57,5,0,1,6,3,0
109,7.31,8,1,5,5,4,0
107,5.26,4,1,1,7,0,0
99,9.35,8,1,3,2,2,0
94,6.16,10,0,0,8,5,0
113,7.51,8,1,8,1,3,0
77,6.72,9,0,1,7,2,0
92,9.5,4,1,8,8,0,0
90,7.04,3,0,8,9,3,0
92,6.29,9,1,8,7,4,0
91,4.89,9,1,6,10,5,0
101,6.21,5,1,3,3,5,0
77,6.91,7,0,6,10,0,0
86,7.83,6,1,8,7,0,0
78,9.46,1,0,4,7,1,0
79,7.07,1,1,2,8,3,0
98,6.44,2,0,10,9,5,0
79,7.04,7,0,1,5,5,0
114,6.17,4,0,3,2,0,0
104,8.28,4,0,3,5,0,0
105,8.94,3,0,8,5,1,0
110,4.94,8,0,10,7,2,0
105,9.29,6,1,3,4,3,0
113,8.6,4,1,7,5,1,0
85,5.68,4,0,9,7,4,0
108,9.2,2,1,7,4,2,0
100,6.55,5,1,9,4,3,0
89,6.06,4,1,7,8,4,0
94,5.23,3,0,10,2,3,0
108,7.13,8,1,8,8,2,0
108,7.65,4,0,6,9,5,0
98,7.91,3,0,1,7,3,0
76,5.12,3,1,9,9,4,0
114,7.01,5,0,2,7,2,0
79,7.07,6,0,9,9,1,0
118,6.47,3,1,10,3,2,0
125,7.39,3,0,3,3,0,0
109,8.76,1,1,9,2,0,0
80,7.81,9,0,2,3,1,0
97,7.09,7,0,8,3,1,0
97,7.24,8,0,4,5,2,0
136,6.04,1,1,10,6,4,0
83,8.95,1,0,2,3,4,0
98,7.35,5,0,3,8,2,0
57,9.69,4,0,5,7,4,0
85,6.94,9,0,8,7,0,0
99,7.43,3,0,5,7,3,0
105,5.62,7,0,8,3,3,0
104,9.19,9,1,9,3,0,0
93,7.26,4,1,10,1,0,0
98,7.77,4,0,2,5,3,0
101,5.13,2,0,10,5,1,0
108,8.37,4,0,4,9,0,0
76,7.0,8,0,4,5,2,0
83,9.1,8,0,10,5,0,0
119,5.72,8,0,6,5,3,0
104,6.92,1,1,3,6,0,0
116,8.15,8,0,9,5,1,0
103,9.19,1,1,3,3,1,0
83,6.06,1,0,8,9,0,0
114,6.44,4,0,9,2,3,0
52,9.36,8,0,10,6,4,0
85,5.65,2,1,7,8,2,0
98,6.69,8,1,2,8,4,0
92,6.09,7,1,1,8,4,0
96,7.06,1,0,4,2,1,0
110,7.58,5,1,2,7,3,0
92,9.26,1,1,4,6,5,0
89,8.98,6,0,1,6,3,0
125,5.96,9,0,8,7,2,0
103,9.69,5,1,9,7,5,0
97,9.07,5,1,0,4,2,0
94,7.3,5,0,1,10,0,0
129,8.41,9,1,3,7,0,0
128,6.85,5,1,6,10,0,0
95,9.48,1,0,9,6,4,0
87,8.97,8,1,6,7,2,0
108,5.36,10,1,2,10,2,0
104,8.99,10,1,2,6,3,0
93,7.97,2,0,1,6,0,0
94,4.91,8,0,9,4,0,0
84,9.15,2,1,1,4,2,0
107,5.32,4,1,4,8,1,0
89,4.91,8,1,9,6,2,0
81,7.13,8,1,4,1,4,0
101,8.5,5,0,9,2,0,0
91,9.42,7,0,5,1,5,0
100,9.34,3,1,9,7,0,0
96,7.99,6,0,10,9,4,0
92,7.31,6,0,5,4,0,0
92,9.87,8,0,0,5,4,0
90,6.09,8,1,8,7,2,0
108,6.18,7,0,5,10,4,0
73,7.0,2,0,3,7,5,0
114,6.37,5,0,4,5,1,0
82,8.59,2,1,10,4,3,0
89,10.05,9,1,8,1,0,0
105,6.79,6,0,5,1,3,0
117,6.57,8,1,0,1,0,0
86,4.96,1,0,2,1,0,0
96,6.99,4,0,9,5,4,0
97,9.56,1,1,7,5,0,0
113,9.43,2,1,1,5,1,0
105,9.44,9,0,1,2,1,0
118,5.58,7,0,4,7,0,0
89,5.93,3,0,5,3,0,0
94,6.15,9,0,6,8,0,0
109,9.71,9,1,6,5,0,0
90,5.65,6,1,6,9,0,0
111,8.84,5,1,5,6,1,0
93,5.32,6,0,6,10,3,0
106,7.67,10,0,10,6,4,0
118,6.76,7,1,4,5,5,0
72,5.61,2,0,9,6,2,0
102,7.3,2,1,6,8,4,0
111,7.47,1,1,7,7,0,0
102,6.39,10,0,0,6,5,0
107,5.89,5,0,4,6,0,0
113,7.35,10,0,2,4,3,0
84,6.08,4,0,7,8,2,0
104,5.68,1,0,0,1,4,0
92,7.26,3,1,6,6,2,0
116,7.35,8,1,9,7,1,0
71,6.96,8,0,8,6,5,0
73,8.53,1,1,8,5,0,0
103,6.24,5,0,2,10,0,0
110,8.48,5,0,5,3,4,0
92,9.15,3,1,4,6,5,0
131,6.06,2,0,5,4,2,0
83,7.08,3,1,4,10,0,0
113,5.56,6,0,2,3,2,0
94,5.71,2,1,9,9,5,0
99,6.69,9,0,9,2,5,0
108,9.86,7,1,4,3,1,0
114,7.68,8,1,6,6,5,0
97,6.39,8,0,3,2,4,0
85,7.17,10,0,0,10,4,0
108,6.85,4,1,4,5,1,0
97,7.42,5,0,0,9,2,0
103,5.89,8,1,1,6,2,0
97,7.96,5,1,3,5,5,0
96,10.16,1,0,0,1,2,0
101,8.26,1,0,3,10,0,0
88,6.62,9,0,8,10,2,0
138,7.3,2,0,0,2,0,0
87,6.32,10,0,7,2,0,0
123,7.51,4,0,0,9,1,0
98,10.2,3,1,5,1,0,0
107,5.42,1,0,10,9,4,0
90,9.69,8,0,0,6,2,0
104,7.94,10,0,8,3,1,0
119,6.01,2,0,4,9,0,0
94,9.3,5,0,2,4,0,0
109,4.61,4,0,10,10,5,0
119,5.85,9,1,3,6,1,0
100,8.52,9,1,1,10,1,0
103,6.06,5,0,6,1,5,0
93,5.98,6,1,3,9,1,0
110,7.07,7,0,3,6,1,0
106,8.21,10,0,5,1,3,0
102,8.17,4,1,5,6,1,0
70,5.32,10,0,8,1,2,0
78,7.87,6,0,10,2,4,0
79,8.27,7,1,2,6,5,0
95,6.76,10,1,5,2,4,0
99,6.4,6,1,1,3,0,0
84,7.28,2,1,1,2,5,0
97,9.59,4,1,9,2,5,0
95,7.14,10,1,4,5,5,0
71,8.23,9,0,3,5,4,0
97,6.97,5,1,1,6,5,0
99,5.56,3,1,10,1,0,0
94,9.72,3,0,9,7,3,0
103,5.83,1,0,3,7,0,0
116,5.45,1,0,2,1,2,0
106,7.47,10,1,6,6,3,0
79,7.89,1,0,7,8,1,0
119,5.42,5,1,10,2,5,0
81,7.63,7,0,5,3,5,0
70,7.79,1,0,2,6,1,0
104,5.4,10,0,6,10,0,0
108,9.17,9,1,8,5,4,0
111,5.8,5,0,4,2,0,0
107,7.52,5,1,9,4,2,0
78,9.59,2,0,2,7,1,0
106,6.19,6,0,10,9,0,0
86,4.74,5,0,2,7,1,0
70,5.36,2,0,0,9,5,0
98,9.47,5,1,7,4,4,0
105,8.96,7,0,9,8,0,0
95,8.36,3,1,6,4,0,0
80,8.88,5,0,10,4,2,0
127,5.34,6,1,2,4,2,0
89,7.97,3,0,8,5,2,0
106,7.96,6,1,6,9,5,0
107,7.67,1,0,8,3,5,0
75,6.76,2,0,4,4,5,0
85,6.65,5,0,7,1,4,0
87,6.34,4,0,0,3,5,0
88,9.46,10,0,8,1,0,0
82,6.96,7,1,7,6,3,0
97,7.92,6,0,3,4,1,0
114,5.08,9,1,7,7,0,0
94,7.57,4,0,9,6,3,0
108,8.17,6,0,7,5,3,0
94,10.22,10,0,2,1,3,0
86,8.24,1,0,8,9,1,0
105,4.97,6,0,8,4,2,0
90,6.07,9,0,1,3,0,0
121,5.01,4,0,5,5,0,0
76,4.77,6,1,3,5,1,0
100,9.24,4,1,1,3,2,0
92,6.65,3,1,1,7,2,0
108,7.78,7,0,5,8,2,0
78,7.15,3,1,6,1,3,0
101,6.89,8,0,4,1,3,0
111,8.72,7,1,9,2,1,0
100,9.01,7,1,6,7,2,0
68,5.96,1,0,2,2,4,0
114,5.76,4,0,2,2,4,0
87,9.84,10,1,8,7,5,0
91,7.23,8,1,7,9,3,0
124,7.22,2,1,6,1,1,0
68,7.2,3,1,9,9,0,0
103,8.13,3,1,4,6,3,0
96,6.04,6,0,5,9,5,0
117,6.42,5,0,8,5,3,0
103,9.91,1,0,4,2,4,0
101,7.55,2,1,4,10,2,0
82,6.06,5,0,5,4,5,0
84,7.71,2,0,0,3,0,0
96,6.46,3,1,9,5,0,0
104,6.71,2,1,10,3,4,0
113,6.41,10,1,6,8,1,0
97,8.25,2,0,6,4,4,0
77,5.72,4,0,9,6,2,0
104,5.54,4,0,5,5,3,0
115,6.3,3,1,0,10,0,0
107,5.91,5,1,4,9,1,0
96,5.57,7,0,5,9,4,0
86,5.8,5,0,0,10,4,0
85,9.59,6,0,8,5,5,0
81,7.53,3,1,8,3,4,0
104,7.98,10,0,7,8,0,0
100,8.74,8,0,5,3,3,0
70,6.39,7,0,10,8,3,0
103,7.22,7,1,10,2,0,0
92,6.55,3,0,2,1,4,0
85,7.12,10,1,9,10,3,0
107,7.66,8,1,7,8,5,0
101,5.89,6,0,1,10,0,0
104,6.88,2,1,6,2,3,0
130,6.48,2,0,7,1,0,0
106,7.28,4,0,3,6,0,0
94,9.37,6,0,10,2,0,0
91,7.12,6,0,0,1,2,0
109,9.14,4,0,4,1,0,0
108,6.15,5,1,3,9,5,0
67,8.61,1,0,4,2,4,0
83,6.61,7,1,0,7,3,0
78,6.72,9,1,0,10,2,0
109,7.72,8,0,0,8,3,0
95,4.63,3,1,7,2,4,0
100,4.94,9,1,8,10,0,0
95,8.49,1,1,10,3,4,0
105,8.06,6,0,3,3,2,0
81,6.34,2,0,1,4,1,0
106,9.89,2,1,5,5,4,0
89,9.08,5,1,3,3,5,0
81,6.58,8,0,1,2,4,0
95,7.57,6,0,3,3,4,0
102,8.61,3,0,6,10,0,0
103,5.62,7,0,9,6,3,0
86,8.86,1,0,10,5,2,0
108,5.86,5,0,8,5,2,0
106,6.71,2,0,4,9,4,0
105,9.23,6,0,8,2,3,0
105,6.72,2,0,10,9,2,0
96,5.7,4,0,4,9,4,0
92,8.32,7,0,0,3,3,0
95,6.16,10,0,2,10,2,0
86,8.75,4,0,9,2,4,0
101,9.45,2,0,2,7,2,0
123,7.39,4,0,2,5,0,0
102,9.86,6,0,6,9,0,0
103,7.02,5,0,7,5,5,0
72,5.99,9,1,5,7,4,0
81,7.73,10,0,5,7,1,0
108,4.7,6,0,8,7,3,0
96,8.13,3,1,4,5,3,0
105,8.39,8,1,1,2,2,0
87,5.9,9,0,1,1,0,0
119,5.26,7,0,9,5,5,0
57,4.91,10,0,9,7,0,0
117,7.42,8,0,1,8,1,0
80,8.7,6,1,0,3,2,0
105,8.3,5,1,10,2,3,0
95,10.01,3,0,4,9,0,0
86,7.83,6,1,8,1,3,0
87,10.29,6,1,10,5,1,0
112,7.42,10,0,8,2,2,0
90,8.61,3,0,8,6,4,0
94,9.36,9,1,8,6,1,0
112,5.92,1,1,1,6,4,0
108,6.6,6,0,6,2,0,0
80,9.35,6,1,5,5,4,0
101,6.13,6,1,10,10,2,0
120,8.44,4,1,9,7,1,0
122,7.04,1,1,7,9,0,0
110,6.6,8,1,4,4,0,0
100,5.69,8,1,8,8,3,0
105,6.1,1,0,0,6,4,0
76,8.7,10,1,8,1,1,0
119,5.38,6,0,3,7,4,0
96,7.15,6,1,9,4,3,0
95,5.73,2,1,2,1,1,0
101,6.9,4,1,4,7,4,0
76,8.62,9,0,8,1,2,0
110,8.99,2,0,3,2,4,0
102,9.83,2,1,9,6,4,0
107,7.72,8,0,0,5,1,0
105,5.41,6,1,7,10,0,0
110,6.93,6,0,8,8,2,0
88,6.11,6,1,8,4,2,0
110,6.17,5,0,9,1,2,0
91,6.58,5,0,1,5,3,0
124,7.23,8,0,4,7,3,0
92,6.43,1,0,2,6,5,0
69,9.8,7,0,10,1,0,0
67,6.08,4,1,9,10,2,0
78,6.32,4,1,10,7,0,0
76,5.93,6,0,5,8,0,0
93,7.19,4,1,2,10,0,0
121,5.27,9,0,7,3,2,0
92,6.99,10,0,6,8,5,0
87,7.42,7,1,6,7,2,0
135,9.28,9,1,3,1,1,0
104,6.27,10,0,9,2,0,0
90,7.72,6,0,1,1,2,0
88,9.22,9,1,1,4,3,0
81,7.94,8,1,10,5,0,0
115,7.26,9,0,4,2,2,0
107,6.26,5,0,2,10,5,0
102,7.14,9,1,4,10,0,0
95,6.08,9,0,9,2,2,0
108,5.72,2,0,1,3,4,0
94,4.84,4,0,1,3,5,0
102,7.32,10,1,8,4,3,0
108,8.15,3,1,3,4,5,0
114,9.65,2,0,9,2,1,0
104,7.21,10,0,1,8,5,0
77,9.89,2,1,7,3,1,0
78,7.2,6,0,5,6,0,0
88,7.51,9,1,10,2,1,0
101,5.02,7,1,6,5,3,0
122,5.99,8,1,1,3,2,0
92,6.9,8,0,7,5,4,0
97,6.8,1,0,9,2,5,0
99,6.97,9,0,5,4,4,0
90,10.25,1,0,4,1,4,0
119,7.77,6,1,8,4,5,0
104,6.99,3,0,8,4,5,0
73,5.13,9,0,9,8,2,0
77,8.64,7,0,2,4,1,0
104,9.73,5,1,10,5,3,0
79,8.37,3,0,8,1,5,0
93,6.25,8,0,6,10,1,0
105,8.95,8,0,10,4,5,0
88,8.24,4,0,1,9,0,0
88,7.53,8,0,9,5,4,0
113,5.39,7,0,10,10,0,0
101,6.49,1,1,0,2,1,0
73,5.47,1,0,2,8,2,0
103,8.94,1,1,8,2,0,0
87,6.35,8,0,9,8,0,0
62,7.51,7,1,7,8,0,0
137,7.56,4,1,9,1,2,0
91,6.43,4,0,3,7,5,0
106,8.0,7,1,2,3,1,0
113,4.87,1,0,9,1,5,0
117,8.23,9,0,9,6,1,0
103,6.85,4,0,3,2,4,0
104,8.08,8,1,2,7,2,0
111,7.18,4,1,10,1,0,0
85,6.27,10,1,0,2,1,0
84,7.06,9,0,4,9,4,0
78,8.6,8,0,9,5,5,0
119,7.5,5,1,8,7,0,0
72,8.67,7,0,8,1,1,0
90,9.6,4,1,7,5,5,0
79,5.21,5,1,6,3,3,0
57,5.97,2,0,1,7,0,0
89,8.48,1,1,4,5,3,0
93,6.53,7,1,3,1,5,0
84,7.55,2,0,3,1,0,0
99,6.23,3,1,4,5,1,0
98,5.61,7,0,8,8,3,0
103,7.99,10,0,3,4,0,0
86,6.13,9,0,1,1,2,0
83,8.31,9,0,6,7,0,0
118,6.78,9,1,6,2,4,0
88,7.22,9,0,5,9,5,0
101,9.2,8,0,7,4,5,0
97,9.39,3,0,4,2,5,0
85,7.92,10,0,4,2,1,0
73,5.27,2,1,8,4,1,0
51,7.43,8,0,4,9,2,0
101,9.79,7,0,4,9,1,0
99,7.97,6,1,7,1,0,0
81,9.54,6,0,9,3,1,0
97,9.24,2,1,10,2,4,0
95,8.04,5,1,9,1,4,0
104,6.75,4,1,5,9,5,0
96,7.06,4,0,5,6,1,0
106,6.06,3,1,5,5,0,0
95,9.18,1,1,0,3,4,0
73,8.92,1,0,5,4,4,0
100,7.7,9,0,0,6,3,0
97,5.7,3,1,10,5,1,0
108,9.37,1,0,8,3,4,0
108,5.95,10,0,8,7,4,0
88,7.5,2,0,10,10,4,0
110,5.47,6,1,4,3,2,0
103,9.42,7,1,10,3,4,0
95,5.82,2,0,6,4,0,0
109,9.06,7,0,2,7,4,0
105,8.39,5,0,5,6,1,0
75,5.25,2,1,5,6,4,0
86,5.73,7,0,2,1,0,0
77,5.25,1,0,3,10,1,0
80,7.49,9,0,3,1,3,0
84,6.82,7,0,6,1,2,0
106,7.15,1,1,8,2,0,0
131,7.46,9,1,8,3,3,0
105,8.36,2,0,2,1,2,0
105,10.09,5,1,8,5,3,0
99,6.71,1,0,9,10,5,0
111,9.37,4,0,5,6,0,0
99,6.13,10,1,10,6,1,0
73,8.69,3,1,5,1,5,0
99,4.99,4,0,9,6,0,0
124,7.96,3,0,8,3,1,0
100,10.11,6,0,5,1,5,0
116,5.34,4,1,4,8,1,0
132,7.58,4,0,0,1,0,0
82,6.19,6,0,0,10,3,0
83,8.12,4,1,6,1,3,0
68,9.08,8,1,8,7,2,0
62,8.21,4,0,0,4,4,0
107,8.66,6,1,5,10,0,0
87,6.73,2,1,3,3,5,0
92,10.0,4,1,7,5,4,0
95,6.92,9,1,1,9,0,0
109,6.55,6,0,1,9,0,0
102,10.19,6,1,4,2,1,0
106,9.55,10,0,7,1,3,0
90,5.74,3,1,3,10,5,0
104,6.77,7,1,7,2,1,0
99,7.57,5,0,1,7,0,0
118,6.98,7,0,5,6,1,0
102,8.2,9,1,4,8,0,0
91,5.76,4,0,9,8,5,0
105,8.45,10,0,5,4,2,0
90,9.66,8,1,6,3,4,0
104,6.61,2,1,2,7,2,0
104,8.29,10,1,10,7,0,0
109,8.81,1,1,1,2,1,0
105,9.44,4,1,0,4,4,0
88,7.51,4,1,7,3,0,0
102,4.87,10,0,5,10,4,0
82,8.45,7,1,7,3,4,0
119,4.7,8,0,8,2,3,0
129,5.13,10,1,1,7,5,0
86,8.53,9,0,4,2,3,0
108,6.32,3,0,4,8,1,0
103,6.8,4,1,5,3,5,0
109,10.1,3,0,3,1,0,0
92,5.79,9,1,1,7,4,0
111,8.17,1,0,5,2,0,0
116,7.0,6,1,0,1,4,0
106,6.45,2,1,1,7,4,0
93,5.4,9,0,7,10,0,0
99,5.22,6,1,5,9,1,0
83,5.27,10,1,2,5,1,0
92,6.11,4,0,4,9,1,0
102,5.17,2,0,10,10,5,0
113,9.23,5,0,6,3,0,0
94,8.29,7,1,6,4,4,0
87,6.62,5,1,9,10,1,0
76,9.87,4,0,2,7,4,0
81,5.21,3,0,0,8,5,0
93,7.42,6,0,7,10,2,0
73,7.68,8,0,7,1,0,0
90,4.75,2,0,1,10,5,0
128,5.94,10,0,0,10,1,0
136,7.76,10,0,10,7,3,0
109,4.94,5,1,9,3,4,0
93,8.31,4,0,0,2,5,0
90,8.45,2,0,2,4,5,0
84,8.29,6,0,7,3,2,0
91,9.72,6,0,8,8,1,0
76,5.02,9,0,4,10,2,0
90,5.56,6,1,1,7,0,0
88,8.17,2,0,1,7,0,0
83,8.3,7,1,0,7,3,0
118,6.26,10,0,3,9,0,0
70,5.05,2,0,8,5,4,0
77,5.12,6,1,1,10,1,0
99,9.68,2,1,8,10,0,0
98,6.88,5,1,5,3,2,0
101,5.09,2,1,6,4,4,0
110,8.08,3,0,10,8,1,0
99,8.37,5,1,10,10,0,0
102,7.59,1,0,3,9,3,0
72,5.74,9,0,6,7,3,0
104,5.99,7,0,2,2,4,0
84,6.07,4,1,0,9,4,0
122,7.74,3,0,8,2,3,0
125,7.6,1,0,9,3,4,0
104,7.93,7,1,9,2,5,0
108,5.93,9,1,0,10,2,0
79,6.56,10,0,3,1,1,0
89,7.61,9,1,2,1,2,0
90,7.46,9,1,8,3,0,0
103,8.42,2,1,10,3,1,0
91,6.77,3,0,0,2,4,0
109,6.15,8,0,2,1,3,0
106,6.31,10,1,7,1,0,0
72,7.01,1,0,6,4,3,0
99,9.26,2,0,3,2,2,0
104,5.67,10,1,8,8,4,0
83,6.75,10,0,1,2,4,0
88,10.01,1,1,6,5,3,0
109,6.6,9,1,1,5,0,0
103,5.92,6,1,4,1,5,0
105,9.12,1,1,1,2,1,0
85,7.86,9,1,9,10,2,0
108,9.27,7,0,8,3,4,0
114,6.89,10,0,3,1,3,0
98,6.77,2,0,10,7,3,0
101,5.43,10,1,6,5,1,0
87,7.97,2,1,2,8,3,0
113,7.28,9,1,7,4,5,0
91,7.33,2,0,5,4,3,0
77,5.67,7,1,0,2,0,0
100,8.7,4,1,3,2,3,0
81,5.34,2,1,0,10,1,0
78,9.5,6,1,6,6,1,0
92,5.68,10,1,6,9,4,0
62,8.59,3,1,2,3,4,0
88,6.97,5,0,6,10,1,0
111,7.39,10,0,5,7,4,0
116,6.68,3,0,5,1,2,0
91,6.3,4,0,1,10,0,0
93,7.75,10,0,8,10,5,0
99,5.53,9,1,8,8,1,0
80,7.86,3,1,0,6,1,0
111,10.33,10,0,2,3,1,0
92,5.29,6,0,8,4,2,0
125,7.04,1,0,8,6,1,0
86,8.78,2,0,10,4,5,0
115,7.36,9,0,10,1,1,0
69,6.46,5,0,2,8,5,0
100,7.58,3,0,5,8,0,0
87,8.58,5,0,1,3,5,0
102,8.79,5,1,5,7,5,0
85,7.8,2,0,9,8,4,0
103,8.23,7,0,5,5,1,0
116,7.47,5,1,1,3,0,0
89,9.81,5,1,6,3,4,0
85,9.63,5,0,7,4,1,0
104,7.48,9,1,1,1,2,0
116,5.33,6,0,10,2,2,0
103,7.13,9,0,7,6,2,0
91,6.96,3,0,8,9,5,0
100,5.65,2,1,0,8,3,0
103,5.0,8,0,7,10,5,0
103,5.97,7,0,0,3,4,0
110,9.06,7,0,7,7,0,0
96,5.82,5,1,10,5,2,0
86,7.36,2,0,9,4,1,0
84,6.26,9,1,7,9,4,0
95,6.22,7,0,1,5,2,0
86,7.08,10,0,7,8,5,0
113,6.15,7,1,6,6,1,0
123,5.29,5,1,0,6,4,0
102,4.8,1,1,6,3,4,0
95,7.0,4,0,8,9,5,0
107,8.62,4,1,3,6,1,0
92,5.42,2,0,0,9,4,0
92,5.83,3,0,3,1,4,0
86,8.25,6,0,2,8,0,0
111,5.71,6,0,4,10,1,0
84,9.24,9,0,5,7,1,0
128,8.39,9,0,4,3,1,0
114,7.11,1,1,3,4,1,0
105,6.99,2,1,5,2,4,0
103,8.48,3,1,0,2,4,0
128,8.02,6,0,6,7,0,0
115,7.42,4,1,8,1,5,0
87,7.81,1,0,5,2,1,0
88,5.39,10,0,9,2,5,0
102,8.32,2,0,2,7,3,0
86,5.93,10,0,9,8,5,0
98,7.2,2,0,5,10,1,0
94,6.43,6,1,0,4,1,0
105,5.92,2,0,9,5,5,0
63,9.06,10,0,10,6,4,0
102,7.86,7,1,9,7,5,0
96,9.27,2,1,4,7,3,0
91,7.74,6,1,5,6,3,0
68,10.1,5,0,1,4,1,0
109,7.79,2,0,8,5,1,0
74,5.59,9,0,1,9,5,0
127,6.13,8,0,9,1,3,0
139,8.74,1,0,6,2,0,0
83,5.07,4,1,8,3,1,0
110,9.2,5,1,10,4,3,0
96,9.03,2,1,0,6,4,0
109,5.6,3,1,3,9,1,0
104,8.67,9,0,5,10,1,0
105,5.65,1,0,8,2,5,0
108,9.68,7,0,4,4,4,0
78,5.97,8,0,5,5,0,0
90,5.31,5,0,4,1,5,0
70,7.54,4,1,7,1,3,0
120,5.47,3,0,9,6,0,0
89,6.68,6,0,5,3,1,0
86,7.36,10,0,10,7,0,0
114,6.58,1,0,9,4,0,0
119,5.52,10,0,3,4,4,0
83,5.96,6,1,0,4,5,0
114,7.91,9,0,5,1,5,0
105,9.08,9,1,8,3,0,0
84,7.5,6,0,0,3,3,0
105,6.92,2,0,9,8,2,0
83,9.47,2,1,9,2,2,0
93,6.82,2,1,9,4,5,0
110,5.81,7,0,10,9,4,0
85,5.23,4,1,3,5,5,0
90,9.28,7,0,0,3,5,0
98,6.51,8,0,2,4,5,0
96,5.3,7,0,0,8,2,0
117,7.66,3,1,7,3,0,0
88,7.45,8,1,0,10,4,0
91,6.09,5,1,1,10,2,0
89,5.76,6,1,5,4,2,0
99,8.54,8,0,4,4,4,0
95,9.56,1,0,10,7,2,0
104,7.39,6,0,5,4,1,0
60,7.6,10,1,2,2,4,0
95,8.83,8,1,9,5,4,0
100,5.72,3,0,5,7,2,0
108,8.79,8,1,5,4,4,0
70,5.4,7,1,9,3,4,0
108,5.71,4,1,2,4,1,0
88,8.93,6,1,7,6,3,0
103,9.59,9,1,8,5,1,0
98,6.37,5,0,0,2,5,0
109,5.15,7,0,3,3,0,0
112,8.99,1,0,4,6,1,0
125,6.28,4,0,1,5,2,0
83,5.63,7,0,5,6,4,0
80,6.04,7,0,4,8,0,0
109,8.89,1,0,6,8,0,0
88,4.79,6,1,5,3,2,0
98,8.55,7,0,2,2,5,0
107,9.53,2,0,0,6,3,0
109,7.75,3,0,8,10,3,0
118,6.55,6,0,3,4,0,0
90,6.04,3,0,9,3,2,0
68,9.88,3,0,7,1,0,0
107,6.76,9,0,4,4,0,0
104,5.56,10,1,10,10,4,0
108,6.89,4,0,4,9,1,0
77,7.55,7,1,3,8,4,0
105,6.22,3,0,3,9,3,0
106,7.13,3,1,7,5,4,0
101,5.95,6,0,10,1,0,0
97,7.17,2,1,2,10,1,0
85,5.05,6,0,4,3,3,0
101,9.79,2,1,9,5,5,0
95,6.9,1,1,9,8,2,0
135,7.09,5,0,0,1,2,0
83,8.58,3,0,6,1,5,0
88,7.76,5,1,5,9,0,0
82,7.29,9,0,8,6,3,0
81,9.19,6,0,9,1,1,0
104,7.28,2,0,0,4,1,0
117,5.47,4,1,5,7,4,0
107,7.31,5,0,5,1,2,0
105,8.73,5,1,4,5,0,0
80,6.93,3,1,4,6,5,0
85,8.4,1,0,9,7,2,0
88,7.98,4,0,8,7,4,0
90,9.51,2,0,10,4,0,0
96,7.11,9,0,10,10,4,0
100,8.77,3,1,4,6,2,0
113,5.49,5,0,8,4,1,0
76,7.65,8,1,4,8,2,0
104,10.06,1,1,9,2,4,0
83,6.1,9,0,0,3,5,0
75,6.1,10,1,0,7,4,0
95,9.54,10,1,4,2,2,0
98,5.77,3,0,2,10,2,0
83,8.75,4,1,3,3,1,0
90,8.01,7,1,3,1,3,0
110,5.1,5,1,3,3,3,0
83,9.83,2,1,2,2,3,0
109,7.36,10,1,8,9,0,0
91,9.25,5,0,2,5,0,0
104,7.1,9,0,3,8,1,0
96,5.97,9,0,0,2,3,0
113,7.54,10,1,8,7,5,0
124,5.99,5,0,10,7,0,0
97,8.32,7,1,6,7,5,0
85,7.45,10,1,10,1,5,0
93,7.62,5,1,9,10,5,0
101,7.84,4,0,7,9,3,0
62,7.56,8,1,4,5,4,0
103,4.84,7,1,8,2,1,0
110,5.94,8,1,5,10,2,0
96,5.05,9,1,6,10,2,0
87,5.19,1,1,1,7,0,0
94,9.63,4,1,4,7,1,0
86,8.04,6,1,1,3,4,0
97,10.34,3,0,5,4,2,0
103,9.6,7,0,8,2,2,0
96,10.05,4,0,3,10,0,0
82,6.17,9,1,2,5,5,0
112,7.39,3,0,4,4,5,0
104,9.12,1,1,9,7,4,0
103,5.78,2,0,3,4,1,0
89,5.47,3,0,2,2,4,0
117,7.62,3,0,9,6,4,0
104,6.52,2,0,7,4,5,0
101,9.16,10,0,8,9,1,0
85,9.9,4,0,1,4,0,0
104,10.01,10,1,9,2,4,0
90,7.91,8,1,6,10,1,0
109,8.17,8,0,2,5,5,0
93,9.34,1,0,6,3,5,0
81,7.33,7,1,10,2,4,0
138,4.92,9,1,8,4,1,0
92,6.96,7,0,2,8,0,0
97,8.31,1,1,5,7,5,0
59,9.16,4,0,3,5,1,0
90,5.34,7,0,5,7,0,0
77,5.44,3,0,0,8,4,0
91,6.54,1,0,4,8,3,0
106,9.63,5,1,10,6,0,0
97,8.54,10,0,8,2,1,0
91,6.46,7,0,10,10,4,0
79,5.16,5,0,9,9,1,0
88,8.21,7,1,7,10,1,0
79,7.67,4,1,1,3,3,0
79,7.24,4,1,0,9,4,0
73,6.66,1,1,2,8,5,0
85,9.31,7,1,1,8,0,0
107,7.57,8,0,3,10,3,0
83,7.19,1,0,2,9,4,0
99,8.88,2,0,9,1,4,0
93,9.21,10,0,6,6,2,0
134,9.42,7,0,9,4,1,0
99,9.61,8,1,2,2,2,0
109,9.11,6,1,3,3,2,0
104,7.85,2,1,0,1,2,0
83,5.15,8,1,7,8,0,0
115,9.71,8,0,6,3,0,0
85,6.6,3,1,8,1,1,0
88,7.29,4,0,4,7,5,0
115,6.94,5,0,6,4,5,0
95,9.08,7,0,10,3,5,0
79,10.13,6,0,6,6,0,0
92,8.71,7,1,9,7,0,0
73,5.72,10,0,1,4,4,0
106,8.02,10,1,7,5,2,0
102,5.41,6,1,9,9,1,0
83,8.34,4,0,1,2,2,0
88,9.66,9,0,5,6,4,0
101,7.85,3,1,2,2,0,0
77,5.55,3,0,6,4,1,0
123,5.08,1,1,9,2,0,0
65,9.96,10,1,9,1,5,0
116,5.54,4,0,1,6,0,0
92,8.37,10,1,10,7,4,0
105,9.67,8,1,0,3,2,0
95,6.42,7,1,0,3,0,0
75,8.83,7,0,8,3,3,0
106,8.68,6,0,5,4,3,0
83,6.45,8,0,2,10,4,0
95,7.73,5,1,9,3,5,0
102,5.44,3,1,2,10,4,0
99,6.89,4,0,9,4,1,0
92,5.57,2,0,5,3,3,0
113,7.28,8,0,9,7,0,0
77,9.85,9,0,0,5,1,0
101,7.87,9,0,7,9,3,0
85,7.64,7,0,6,2,2,0
83,7.28,1,0,10,8,1,0
86,6.49,8,0,4,7,3,0
96,5.73,8,1,10,3,5,0
105,9.57,5,0,1,6,2,0
134,7.65,3,0,0,4,4,0
89,6.72,5,1,6,7,3,0
107,7.47,2,0,9,3,3,0
86,10.01,6,0,1,7,0,0
111,9.29,1,1,4,5,1,0
96,7.23,6,1,4,8,1,0
116,7.72,1,0,2,8,1,0
88,6.56,6,0,8,1,0,0
97,9.02,4,0,9,8,0,0
105,7.15,2,0,5,7,4,0
93,6.29,4,1,7,3,5,0
99,8.94,7,0,9,6,1,0
133,6.02,1,1,3,1,2,0
105,6.35,2,1,3,5,0,0
84,7.79,1,1,9,4,1,0
99,5.17,3,0,8,1,2,0
102,7.49,7,1,1,5,3,0
90,7.99,10,0,0,9,0,0
81,7.74,4,1,2,7,4,0
97,5.53,7,1,1,5,1,0
89,6.18,6,0,6,4,2,0
92,9.4,6,1,0,1,0,0
105,9.93,4,0,3,1,4,0
89,7.59,1,0,4,10,5,0
90,5.74,9,1,5,8,0,0
87,6.01,1,1,9,5,3,0
96,6.17,5,0,2,7,2,0
99,5.45,5,0,9,9,5,0
87,9.65,4,1,4,7,3,0
121,6.47,10,0,3,4,1,0
116,7.2,9,0,6,2,2,0
70,5.27,8,1,9,3,0,0
87,8.97,1,1,6,3,3,0
99,6.42,6,0,7,4,0,0
87,7.66,8,1,4,10,5,0
111,5.24,1,1,4,3,1,0
92,5.45,2,0,10,6,0,0
101,8.29,6,0,9,5,4,0
112,6.07,5,1,8,5,2,0
96,6.78,1,0,0,5,5,0
92,8.22,10,1,2,7,5,0
128,6.23,8,0,3,2,4,0
72,7.95,5,0,5,8,1,0
74,6.97,1,1,1,6,2,0
112,7.48,4,0,1,3,5,0
93,5.85,9,1,2,7,2,0
129,7.66,6,0,0,3,2,0
98,7.33,1,0,7,3,3,0
109,9.09,5,0,7,4,0,0
119,7.64,3,1,2,1,5,0
89,8.11,5,1,8,10,1,0
101,7.33,7,0,4,5,0,0
83,7.59,6,0,10,1,3,0
105,6.7,9,1,2,3,2,0
90,9.43,8,0,0,10,0,0
100,6.13,1,0,7,2,3,0
128,7.96,5,0,4,3,1,0
128,7.51,8,0,8,2,4,0
94,6.17,7,0,9,5,4,0
97,8.64,4,1,1,2,3,0
94,7.04,3,0,1,10,0,0
91,5.77,3,1,2,5,3,0
113,7.98,4,0,6,3,4,0
109,8.5,4,0,2,5,1,0
103,8.01,6,0,4,7,1,0
101,8.66,1,0,1,6,4,0
104,7.07,8,0,5,7,5,0
91,5.61,8,0,4,4,2,0
108,9.64,8,1,7,6,3,0
93,8.23,8,0,9,7,2,0
118,6.63,2,0,10,6,2,0
129,6.3,9,1,0,1,2,0
110,6.97,2,0,10,4,0,0
98,5.1,4,1,3,6,5,0
70,7.64,3,0,1,4,4,0
71,7.74,6,1,2,5,0,0
80,4.69,1,0,9,3,1,0
102,5.12,3,1,10,2,5,0
94,7.33,2,0,10,2,3,0
108,5.33,7,0,0,3,2,0
102,9.46,5,0,7,10,1,0
93,4.75,1,1,6,6,3,0
105,8.31,6,1,10,4,0,0
99,5.03,10,0,2,9,4,0
114,7.95,8,1,6,3,2,0
97,9.53,8,0,9,1,3,0
88,8.64,4,1,6,10,0,0
107,8.48,2,1,8,2,3,0
95,8.87,7,0,3,5,2,0
102,6.09,6,0,3,4,0,0
107,8.21,2,0,3,5,4,0
101,5.21,4,1,0,6,3,0
109,10.42,10,0,3,4,0,0
